<?xml version="1.0" encoding="UTF-8"?>
<osm version="0.6" generator="openstreetmap-cgimap 2.1.0 (4075079 spike-08.openstreetmap.org)" copyright="OpenStreetMap and contributors" attribution="http://www.openstreetmap.org/copyright" license="http://opendatacommons.org/licenses/odbl/1-0/">
 <bounds minlat="8.5397270" minlon="76.8791700" maxlat="8.5415180" maxlon="76.8823510"/>
 <node id="1141007339" visible="true" version="1" changeset="7218334" timestamp="2011-02-07T17:25:27Z" user="PlaneMad" uid="1306" lat="8.5426192" lon="76.8897883"/>
 <node id="1141007440" visible="true" version="3" changeset="86072908" timestamp="2020-06-02T07:23:45Z" user="VLD149" uid="10979429" lat="8.5426569" lon="76.8873956"/>
 <node id="1141007471" visible="true" version="3" changeset="76726882" timestamp="2019-11-07T00:20:12Z" user="Smahat2" uid="10285109" lat="8.5431606" lon="76.8915821"/>
 <node id="1141007630" visible="true" version="4" changeset="86072908" timestamp="2020-06-02T07:23:45Z" user="VLD149" uid="10979429" lat="8.5436502" lon="76.8793227"/>
 <node id="1141008010" visible="true" version="3" changeset="86062190" timestamp="2020-06-01T20:11:04Z" user="VLD149" uid="10979429" lat="8.5405962" lon="76.8805874"/>
 <node id="1141008030" visible="true" version="3" changeset="56437763" timestamp="2018-02-17T11:15:43Z" user="Asish Abraham Joseph" uid="7456928" lat="8.5431598" lon="76.8922266"/>
 <node id="1141008166" visible="true" version="3" changeset="86072908" timestamp="2020-06-02T07:23:45Z" user="VLD149" uid="10979429" lat="8.5418848" lon="76.8799218"/>
 <node id="1141008281" visible="true" version="3" changeset="84192290" timestamp="2020-04-27T10:36:09Z" user="Anu2000" uid="11023202" lat="8.5412419" lon="76.8800993"/>
 <node id="1141008377" visible="true" version="1" changeset="7218334" timestamp="2011-02-07T17:25:54Z" user="PlaneMad" uid="1306" lat="8.5459748" lon="76.8774412"/>
 <node id="1141008516" visible="true" version="4" changeset="154510982" timestamp="2024-07-28T08:58:41Z" user="sovereign_khoipm" uid="21732267" lat="8.5425628" lon="76.8858229"/>
 <node id="1141008533" visible="true" version="1" changeset="7218334" timestamp="2011-02-07T17:26:02Z" user="PlaneMad" uid="1306" lat="8.5424890" lon="76.8885903"/>
 <node id="1141008580" visible="true" version="3" changeset="86072908" timestamp="2020-06-02T07:23:45Z" user="VLD149" uid="10979429" lat="8.5427217" lon="76.8865735"/>
 <node id="1141008726" visible="true" version="6" changeset="86062190" timestamp="2020-06-01T20:11:04Z" user="VLD149" uid="10979429" lat="8.5405948" lon="76.8803875">
  <tag k="junction" v="yes"/>
  <tag k="name" v="Kulathoor Junction"/>
 </node>
 <node id="1141008837" visible="true" version="2" changeset="46136779" timestamp="2017-02-16T13:14:53Z" user="OrangeFox" uid="4316670" lat="8.5444435" lon="76.8787229"/>
 <node id="2168308948" visible="true" version="3" changeset="140524209" timestamp="2023-08-29T06:35:46Z" user="olarumankhan" uid="19619725" lat="8.5422987" lon="76.8848504"/>
 <node id="2168308949" visible="true" version="2" changeset="140099836" timestamp="2023-08-19T15:34:53Z" user="Dinsh" uid="10923610" lat="8.5417502" lon="76.8835230"/>
 <node id="2168308950" visible="true" version="2" changeset="84345992" timestamp="2020-04-29T14:31:45Z" user="Anu2000" uid="11023202" lat="8.5421496" lon="76.8844087"/>
 <node id="2168308951" visible="true" version="1" changeset="15131072" timestamp="2013-02-23T04:35:40Z" user="jithesh" uid="16183" lat="8.5419856" lon="76.8840352"/>
 <node id="2168308952" visible="true" version="2" changeset="84345992" timestamp="2020-04-29T14:31:45Z" user="Anu2000" uid="11023202" lat="8.5422329" lon="76.8845751"/>
 <node id="2331438511" visible="true" version="1" changeset="16415307" timestamp="2013-06-04T05:33:52Z" user="jithesh" uid="16183" lat="8.5506910" lon="76.8792482"/>
 <node id="2331438512" visible="true" version="1" changeset="16415307" timestamp="2013-06-04T05:33:52Z" user="jithesh" uid="16183" lat="8.5501280" lon="76.8792640"/>
 <node id="2331438513" visible="true" version="1" changeset="16415307" timestamp="2013-06-04T05:33:52Z" user="jithesh" uid="16183" lat="8.5496744" lon="76.8789398"/>
 <node id="2331438514" visible="true" version="1" changeset="16415307" timestamp="2013-06-04T05:33:52Z" user="jithesh" uid="16183" lat="8.5489470" lon="76.8784336"/>
 <node id="2331438515" visible="true" version="1" changeset="16415307" timestamp="2013-06-04T05:33:52Z" user="jithesh" uid="16183" lat="8.5483729" lon="76.8784653"/>
 <node id="2331438516" visible="true" version="1" changeset="16415307" timestamp="2013-06-04T05:33:52Z" user="jithesh" uid="16183" lat="8.5474325" lon="76.8783872"/>
 <node id="2331438517" visible="true" version="1" changeset="16415307" timestamp="2013-06-04T05:33:52Z" user="jithesh" uid="16183" lat="8.5465308" lon="76.8785305"/>
 <node id="2331438518" visible="true" version="2" changeset="76109426" timestamp="2019-10-23T14:41:51Z" user="mottiger" uid="7504544" lat="8.5459073" lon="76.8790117"/>
 <node id="2331438519" visible="true" version="2" changeset="76109426" timestamp="2019-10-23T14:41:51Z" user="mottiger" uid="7504544" lat="8.5453052" lon="76.8793617"/>
 <node id="2331438521" visible="true" version="1" changeset="16415307" timestamp="2013-06-04T05:33:52Z" user="jithesh" uid="16183" lat="8.5447144" lon="76.8794033"/>
 <node id="2331438523" visible="true" version="1" changeset="16415307" timestamp="2013-06-04T05:33:52Z" user="jithesh" uid="16183" lat="8.5440960" lon="76.8800546"/>
 <node id="2331438524" visible="true" version="1" changeset="16415307" timestamp="2013-06-04T05:33:52Z" user="jithesh" uid="16183" lat="8.5437740" lon="76.8803412"/>
 <node id="2331438525" visible="true" version="2" changeset="85031628" timestamp="2020-05-11T14:48:16Z" user="VLD149" uid="10979429" lat="8.5435054" lon="76.8804584"/>
 <node id="2331438526" visible="true" version="1" changeset="16415307" timestamp="2013-06-04T05:33:52Z" user="jithesh" uid="16183" lat="8.5434906" lon="76.8806799"/>
 <node id="2331438527" visible="true" version="1" changeset="16415307" timestamp="2013-06-04T05:33:52Z" user="jithesh" uid="16183" lat="8.5430654" lon="76.8808492"/>
 <node id="2331438528" visible="true" version="1" changeset="16415307" timestamp="2013-06-04T05:33:52Z" user="jithesh" uid="16183" lat="8.5427949" lon="76.8809013"/>
 <node id="2331438529" visible="true" version="1" changeset="16415307" timestamp="2013-06-04T05:33:52Z" user="jithesh" uid="16183" lat="8.5426146" lon="76.8808102"/>
 <node id="2331438530" visible="true" version="1" changeset="16415307" timestamp="2013-06-04T05:33:52Z" user="jithesh" uid="16183" lat="8.5420993" lon="76.8810186"/>
 <node id="2331438531" visible="true" version="1" changeset="16415307" timestamp="2013-06-04T05:33:52Z" user="jithesh" uid="16183" lat="8.5418674" lon="76.8813182"/>
 <node id="2331438532" visible="true" version="1" changeset="16415307" timestamp="2013-06-04T05:33:52Z" user="jithesh" uid="16183" lat="8.5413521" lon="76.8819044"/>
 <node id="2331438533" visible="true" version="2" changeset="76109426" timestamp="2019-10-23T14:41:51Z" user="mottiger" uid="7504544" lat="8.5414459" lon="76.8822357"/>
 <node id="2331438534" visible="true" version="1" changeset="16415307" timestamp="2013-06-04T05:33:52Z" user="jithesh" uid="16183" lat="8.5417772" lon="76.8831289"/>
 <node id="2331438535" visible="true" version="2" changeset="62162930" timestamp="2018-08-31T07:48:13Z" user="Binoyjsdk" uid="344838" lat="8.5427439" lon="76.8835432"/>
 <node id="2331438536" visible="true" version="2" changeset="62162930" timestamp="2018-08-31T07:48:13Z" user="Binoyjsdk" uid="344838" lat="8.5428592" lon="76.8838108"/>
 <node id="2331438537" visible="true" version="2" changeset="62162930" timestamp="2018-08-31T07:48:13Z" user="Binoyjsdk" uid="344838" lat="8.5430101" lon="76.8839552"/>
 <node id="2331438538" visible="true" version="2" changeset="62162930" timestamp="2018-08-31T07:48:13Z" user="Binoyjsdk" uid="344838" lat="8.5431815" lon="76.8839566"/>
 <node id="2331438539" visible="true" version="2" changeset="62162930" timestamp="2018-08-31T07:48:13Z" user="Binoyjsdk" uid="344838" lat="8.5434310" lon="76.8839188"/>
 <node id="2331438540" visible="true" version="2" changeset="62162930" timestamp="2018-08-31T07:48:13Z" user="Binoyjsdk" uid="344838" lat="8.5436069" lon="76.8839564"/>
 <node id="2331438541" visible="true" version="2" changeset="62162930" timestamp="2018-08-31T07:48:13Z" user="Binoyjsdk" uid="344838" lat="8.5437655" lon="76.8841143"/>
 <node id="2331438542" visible="true" version="2" changeset="62162930" timestamp="2018-08-31T07:48:13Z" user="Binoyjsdk" uid="344838" lat="8.5440245" lon="76.8843069"/>
 <node id="2331438543" visible="true" version="2" changeset="62162930" timestamp="2018-08-31T07:48:13Z" user="Binoyjsdk" uid="344838" lat="8.5441741" lon="76.8843863"/>
 <node id="2331438544" visible="true" version="2" changeset="62162930" timestamp="2018-08-31T07:48:13Z" user="Binoyjsdk" uid="344838" lat="8.5441355" lon="76.8816994"/>
 <node id="2331438545" visible="true" version="1" changeset="16415307" timestamp="2013-06-04T05:33:53Z" user="jithesh" uid="16183" lat="8.5441604" lon="76.8814615"/>
 <node id="2331438546" visible="true" version="1" changeset="16415307" timestamp="2013-06-04T05:33:53Z" user="jithesh" uid="16183" lat="8.5450107" lon="76.8809925"/>
 <node id="2331438547" visible="true" version="1" changeset="16415307" timestamp="2013-06-04T05:33:53Z" user="jithesh" uid="16183" lat="8.5456677" lon="76.8807841"/>
 <node id="2331438548" visible="true" version="1" changeset="16415307" timestamp="2013-06-04T05:33:53Z" user="jithesh" uid="16183" lat="8.5462989" lon="76.8807059"/>
 <node id="2331438549" visible="true" version="1" changeset="16415307" timestamp="2013-06-04T05:33:53Z" user="jithesh" uid="16183" lat="8.5465823" lon="76.8805757"/>
 <node id="2331438550" visible="true" version="1" changeset="16415307" timestamp="2013-06-04T05:33:53Z" user="jithesh" uid="16183" lat="8.5470203" lon="76.8800937"/>
 <node id="2331438551" visible="true" version="1" changeset="16415307" timestamp="2013-06-04T05:33:53Z" user="jithesh" uid="16183" lat="8.5474969" lon="76.8799634"/>
 <node id="2331438552" visible="true" version="1" changeset="16415307" timestamp="2013-06-04T05:33:53Z" user="jithesh" uid="16183" lat="8.5478576" lon="76.8799895"/>
 <node id="2331438553" visible="true" version="1" changeset="16415307" timestamp="2013-06-04T05:33:53Z" user="jithesh" uid="16183" lat="8.5481539" lon="76.8800937"/>
 <node id="2331438554" visible="true" version="2" changeset="85293978" timestamp="2020-05-16T08:09:48Z" user="kavyasuku" uid="11174675" lat="8.5485705" lon="76.8803173"/>
 <node id="2331438555" visible="true" version="1" changeset="16415307" timestamp="2013-06-04T05:33:53Z" user="jithesh" uid="16183" lat="8.5487208" lon="76.8807971"/>
 <node id="2331438556" visible="true" version="1" changeset="16415307" timestamp="2013-06-04T05:33:53Z" user="jithesh" uid="16183" lat="8.5491072" lon="76.8810186"/>
 <node id="2331438557" visible="true" version="1" changeset="16415307" timestamp="2013-06-04T05:33:53Z" user="jithesh" uid="16183" lat="8.5495452" lon="76.8811358"/>
 <node id="2331438558" visible="true" version="1" changeset="16415307" timestamp="2013-06-04T05:33:53Z" user="jithesh" uid="16183" lat="8.5498415" lon="76.8806148"/>
 <node id="2331438559" visible="true" version="1" changeset="16415307" timestamp="2013-06-04T05:33:53Z" user="jithesh" uid="16183" lat="8.5507046" lon="76.8804975"/>
 <node id="3213743116" visible="true" version="6" changeset="91934495" timestamp="2020-10-04T14:08:32Z" user="NadiahShajahan" uid="11780155" lat="8.5447552" lon="76.8784709">
  <tag k="junction" v="yes"/>
  <tag k="name" v="VSSC Road Jn"/>
 </node>
 <node id="4319362396" visible="true" version="3" changeset="62527994" timestamp="2018-09-12T17:41:16Z" user="Frans S" uid="1962399" lat="8.5448353" lon="76.8784029"/>
 <node id="4456248077" visible="true" version="2" changeset="157621666" timestamp="2024-10-08T11:22:21Z" user="kavig" uid="19819867" lat="8.5373806" lon="76.8796989"/>
 <node id="4456248079" visible="true" version="2" changeset="86062190" timestamp="2020-06-01T20:11:04Z" user="VLD149" uid="10979429" lat="8.5374254" lon="76.8797869"/>
 <node id="4456248080" visible="true" version="2" changeset="86062190" timestamp="2020-06-01T20:11:04Z" user="VLD149" uid="10979429" lat="8.5375015" lon="76.8799166"/>
 <node id="4456248081" visible="true" version="1" changeset="43028374" timestamp="2016-10-20T10:13:37Z" user="Arun Dhilogics" uid="4535633" lat="8.5375915" lon="76.8800556"/>
 <node id="4456248082" visible="true" version="2" changeset="86062190" timestamp="2020-06-01T20:11:04Z" user="VLD149" uid="10979429" lat="8.5376599" lon="76.8801561"/>
 <node id="4456248083" visible="true" version="2" changeset="86062190" timestamp="2020-06-01T20:11:04Z" user="VLD149" uid="10979429" lat="8.5377289" lon="76.8802758"/>
 <node id="4456248084" visible="true" version="2" changeset="86062190" timestamp="2020-06-01T20:11:04Z" user="VLD149" uid="10979429" lat="8.5377788" lon="76.8803928"/>
 <node id="4456248085" visible="true" version="3" changeset="86062190" timestamp="2020-06-01T20:11:04Z" user="VLD149" uid="10979429" lat="8.5378212" lon="76.8811557"/>
 <node id="4456248086" visible="true" version="3" changeset="86062190" timestamp="2020-06-01T20:11:04Z" user="VLD149" uid="10979429" lat="8.5378168" lon="76.8811080"/>
 <node id="4456248087" visible="true" version="3" changeset="86062190" timestamp="2020-06-01T20:11:04Z" user="VLD149" uid="10979429" lat="8.5378327" lon="76.8808813"/>
 <node id="4456248088" visible="true" version="3" changeset="86062190" timestamp="2020-06-01T20:11:04Z" user="VLD149" uid="10979429" lat="8.5378153" lon="76.8805019"/>
 <node id="4456248289" visible="true" version="4" changeset="86062190" timestamp="2020-06-01T20:11:04Z" user="VLD149" uid="10979429" lat="8.5378313" lon="76.8805978"/>
 <node id="4456248290" visible="true" version="3" changeset="86062190" timestamp="2020-06-01T20:11:04Z" user="VLD149" uid="10979429" lat="8.5378637" lon="76.8812113"/>
 <node id="4456248291" visible="true" version="4" changeset="85027542" timestamp="2020-05-11T13:12:19Z" user="VLD149" uid="10979429" lat="8.5380091" lon="76.8812432"/>
 <node id="4456248292" visible="true" version="4" changeset="85027542" timestamp="2020-05-11T13:12:19Z" user="VLD149" uid="10979429" lat="8.5381064" lon="76.8812642"/>
 <node id="4456248293" visible="true" version="3" changeset="85019547" timestamp="2020-05-11T10:46:02Z" user="VLD149" uid="10979429" lat="8.5383129" lon="76.8812849"/>
 <node id="4456248294" visible="true" version="2" changeset="84192290" timestamp="2020-04-27T10:36:09Z" user="Anu2000" uid="11023202" lat="8.5384101" lon="76.8812758"/>
 <node id="4456248295" visible="true" version="3" changeset="85009769" timestamp="2020-05-11T08:21:17Z" user="VLD149" uid="10979429" lat="8.5386012" lon="76.8812292"/>
 <node id="4456248296" visible="true" version="2" changeset="84192290" timestamp="2020-04-27T10:36:09Z" user="Anu2000" uid="11023202" lat="8.5386902" lon="76.8811662"/>
 <node id="4456248297" visible="true" version="2" changeset="84192290" timestamp="2020-04-27T10:36:09Z" user="Anu2000" uid="11023202" lat="8.5388339" lon="76.8810607"/>
 <node id="4456248298" visible="true" version="5" changeset="140099836" timestamp="2023-08-19T15:34:53Z" user="Dinsh" uid="10923610" lat="8.5389432" lon="76.8809995"/>
 <node id="4456248299" visible="true" version="4" changeset="140099836" timestamp="2023-08-19T15:34:53Z" user="Dinsh" uid="10923610" lat="8.5391017" lon="76.8809279"/>
 <node id="4456248305" visible="true" version="5" changeset="140099836" timestamp="2023-08-19T15:34:53Z" user="Dinsh" uid="10923610" lat="8.5395407" lon="76.8807188"/>
 <node id="4456248306" visible="true" version="6" changeset="140099836" timestamp="2023-08-19T15:34:53Z" user="Dinsh" uid="10923610" lat="8.5397164" lon="76.8806634"/>
 <node id="4456248307" visible="true" version="5" changeset="140099836" timestamp="2023-08-19T15:34:53Z" user="Dinsh" uid="10923610" lat="8.5398443" lon="76.8806256"/>
 <node id="4456248308" visible="true" version="5" changeset="140099836" timestamp="2023-08-19T15:34:53Z" user="Dinsh" uid="10923610" lat="8.5399770" lon="76.8805630"/>
 <node id="4456248309" visible="true" version="4" changeset="140099836" timestamp="2023-08-19T15:34:53Z" user="Dinsh" uid="10923610" lat="8.5400778" lon="76.8805166"/>
 <node id="4456248313" visible="true" version="4" changeset="86062190" timestamp="2020-06-01T20:11:04Z" user="VLD149" uid="10979429" lat="8.5404745" lon="76.8803556"/>
 <node id="4456248315" visible="true" version="7" changeset="84345371" timestamp="2020-04-29T14:19:20Z" user="Anu2000" uid="11023202" lat="8.5408334" lon="76.8802748"/>
 <node id="4464656517" visible="true" version="3" changeset="166763916" timestamp="2025-05-26T07:32:32Z" user="M Basheer" uid="3465267" lat="8.5459655" lon="76.8789668"/>
 <node id="4464656518" visible="true" version="4" changeset="166763916" timestamp="2025-05-26T07:32:32Z" user="M Basheer" uid="3465267" lat="8.5455007" lon="76.8792540"/>
 <node id="4464656520" visible="true" version="2" changeset="76109426" timestamp="2019-10-23T14:41:51Z" user="mottiger" uid="7504544" lat="8.5451620" lon="76.8793429"/>
 <node id="4464656521" visible="true" version="2" changeset="76109426" timestamp="2019-10-23T14:41:51Z" user="mottiger" uid="7504544" lat="8.5449830" lon="76.8793309"/>
 <node id="4464656525" visible="true" version="2" changeset="76109426" timestamp="2019-10-23T14:41:51Z" user="mottiger" uid="7504544" lat="8.5446216" lon="76.8795850"/>
 <node id="4464656526" visible="true" version="2" changeset="76109426" timestamp="2019-10-23T14:41:51Z" user="mottiger" uid="7504544" lat="8.5445493" lon="76.8797553"/>
 <node id="4464656532" visible="true" version="5" changeset="170821994" timestamp="2025-08-22T10:02:47Z" user="sathya sp" uid="17827775" lat="8.5434011" lon="76.8804579"/>
 <node id="4464656533" visible="true" version="3" changeset="86080376" timestamp="2020-06-02T11:32:52Z" user="VLD149" uid="10979429" lat="8.5428986" lon="76.8806757"/>
 <node id="4464656534" visible="true" version="4" changeset="86080376" timestamp="2020-06-02T11:32:52Z" user="VLD149" uid="10979429" lat="8.5422437" lon="76.8810870"/>
 <node id="4464656535" visible="true" version="4" changeset="86080376" timestamp="2020-06-02T11:32:52Z" user="VLD149" uid="10979429" lat="8.5418573" lon="76.8813808"/>
 <node id="4464656536" visible="true" version="4" changeset="86080376" timestamp="2020-06-02T11:32:52Z" user="VLD149" uid="10979429" lat="8.5416282" lon="76.8816608"/>
 <node id="4464656541" visible="true" version="3" changeset="86080376" timestamp="2020-06-02T11:32:52Z" user="VLD149" uid="10979429" lat="8.5414809" lon="76.8819625"/>
 <node id="4464656542" visible="true" version="4" changeset="140478752" timestamp="2023-08-28T06:56:58Z" user="kavig" uid="19819867" lat="8.5415168" lon="76.8822195"/>
 <node id="4464656552" visible="true" version="6" changeset="170761425" timestamp="2025-08-21T07:30:23Z" user="sathya sp" uid="17827775" lat="8.5415052" lon="76.8829096"/>
 <node id="4642212839" visible="true" version="5" changeset="86072908" timestamp="2020-06-02T07:23:45Z" user="VLD149" uid="10979429" lat="8.5431168" lon="76.8795526"/>
 <node id="4658672006" visible="true" version="5" changeset="86076230" timestamp="2020-06-02T09:07:12Z" user="VLD149" uid="10979429" lat="8.5427173" lon="76.8868409"/>
 <node id="4688782140" visible="true" version="1" changeset="46136779" timestamp="2017-02-16T13:14:52Z" user="OrangeFox" uid="4316670" lat="8.5411558" lon="76.8802600">
  <tag k="name" v="Attipra Zonal Office, Thiruvananthapuram Corporation"/>
  <tag k="office" v="yes"/>
  <tag k="smoking" v="no"/>
 </node>
 <node id="4688782142" visible="true" version="3" changeset="84775569" timestamp="2020-05-06T17:40:53Z" user="Abhyshek R" uid="11115937" lat="8.5405293" lon="76.8803856">
  <tag k="bench" v="no"/>
  <tag k="bus" v="yes"/>
  <tag k="highway" v="bus_stop"/>
  <tag k="name" v="Kulathoor"/>
  <tag k="name:ml" v="കുളത്തൂർ"/>
  <tag k="network" v="KSRTC"/>
  <tag k="operator" v="KSRTC"/>
  <tag k="public_transport" v="platform"/>
  <tag k="shelter" v="no"/>
 </node>
 <node id="4692370047" visible="true" version="2" changeset="84527824" timestamp="2020-05-02T16:12:18Z" user="Anu2000" uid="11023202" lat="8.5410844" lon="76.8800131">
  <tag k="amenity" v="bank"/>
  <tag k="drive_through" v="no"/>
  <tag k="name" v="Kerala bank,kulathoor branch"/>
 </node>
 <node id="4762343969" visible="true" version="2" changeset="85293978" timestamp="2020-05-16T08:09:48Z" user="kavyasuku" uid="11174675" lat="8.5477457" lon="76.8800126"/>
 <node id="4762343972" visible="true" version="3" changeset="85293978" timestamp="2020-05-16T08:09:48Z" user="kavyasuku" uid="11174675" lat="8.5484996" lon="76.8799545"/>
 <node id="5193615382" visible="true" version="2" changeset="86062190" timestamp="2020-06-01T20:11:04Z" user="VLD149" uid="10979429" lat="8.5374636" lon="76.8798479"/>
 <node id="5329134030" visible="true" version="1" changeset="55289273" timestamp="2018-01-09T10:41:51Z" user="PlaneMad" uid="1306" lat="8.5460978" lon="76.8773307"/>
 <node id="5418169395" visible="true" version="3" changeset="140524209" timestamp="2023-08-29T06:35:46Z" user="olarumankhan" uid="19619725" lat="8.5423599" lon="76.8850940"/>
 <node id="5418169397" visible="true" version="3" changeset="154510982" timestamp="2024-07-28T08:58:41Z" user="sovereign_khoipm" uid="21732267" lat="8.5424946" lon="76.8855268"/>
 <node id="5418169400" visible="true" version="1" changeset="56437763" timestamp="2018-02-17T11:15:41Z" user="Asish Abraham Joseph" uid="7456928" lat="8.5426786" lon="76.8863204"/>
 <node id="5418169410" visible="true" version="2" changeset="56438005" timestamp="2018-02-17T11:28:37Z" user="Asish Abraham Joseph" uid="7456928" lat="8.5426024" lon="76.8876274"/>
 <node id="5418169411" visible="true" version="4" changeset="86072908" timestamp="2020-06-02T07:23:45Z" user="VLD149" uid="10979429" lat="8.5425407" lon="76.8879597"/>
 <node id="5418169413" visible="true" version="1" changeset="56437763" timestamp="2018-02-17T11:15:42Z" user="Asish Abraham Joseph" uid="7456928" lat="8.5427729" lon="76.8903760"/>
 <node id="5418169418" visible="true" version="1" changeset="56437763" timestamp="2018-02-17T11:15:42Z" user="Asish Abraham Joseph" uid="7456928" lat="8.5431893" lon="76.8919290"/>
 <node id="5870423855" visible="true" version="1" changeset="62162930" timestamp="2018-08-31T07:48:13Z" user="Binoyjsdk" uid="344838" lat="8.5445689" lon="76.8845349"/>
 <node id="5870423856" visible="true" version="1" changeset="62162930" timestamp="2018-08-31T07:48:13Z" user="Binoyjsdk" uid="344838" lat="8.5450485" lon="76.8846997"/>
 <node id="5870423857" visible="true" version="1" changeset="62162930" timestamp="2018-08-31T07:48:13Z" user="Binoyjsdk" uid="344838" lat="8.5454524" lon="76.8848521"/>
 <node id="5870423858" visible="true" version="1" changeset="62162930" timestamp="2018-08-31T07:48:13Z" user="Binoyjsdk" uid="344838" lat="8.5461976" lon="76.8847792"/>
 <node id="5870423859" visible="true" version="1" changeset="62162930" timestamp="2018-08-31T07:48:13Z" user="Binoyjsdk" uid="344838" lat="8.5463530" lon="76.8845942"/>
 <node id="5870423860" visible="true" version="1" changeset="62162930" timestamp="2018-08-31T07:48:13Z" user="Binoyjsdk" uid="344838" lat="8.5468575" lon="76.8845459"/>
 <node id="5870423861" visible="true" version="1" changeset="62162930" timestamp="2018-08-31T07:48:13Z" user="Binoyjsdk" uid="344838" lat="8.5459624" lon="76.8848125"/>
 <node id="5870423862" visible="true" version="1" changeset="62162930" timestamp="2018-08-31T07:48:13Z" user="Binoyjsdk" uid="344838" lat="8.5470825" lon="76.8843046"/>
 <node id="5870423863" visible="true" version="1" changeset="62162930" timestamp="2018-08-31T07:48:13Z" user="Binoyjsdk" uid="344838" lat="8.5470097" lon="76.8844418"/>
 <node id="5870423864" visible="true" version="1" changeset="62162930" timestamp="2018-08-31T07:48:13Z" user="Binoyjsdk" uid="344838" lat="8.5471456" lon="76.8840781"/>
 <node id="5870423865" visible="true" version="1" changeset="62162930" timestamp="2018-08-31T07:48:13Z" user="Binoyjsdk" uid="344838" lat="8.5467036" lon="76.8826064"/>
 <node id="5870423866" visible="true" version="1" changeset="62162930" timestamp="2018-08-31T07:48:13Z" user="Binoyjsdk" uid="344838" lat="8.5465851" lon="76.8825322"/>
 <node id="5870423867" visible="true" version="1" changeset="62162930" timestamp="2018-08-31T07:48:13Z" user="Binoyjsdk" uid="344838" lat="8.5471617" lon="76.8839160"/>
 <node id="5870423868" visible="true" version="1" changeset="62162930" timestamp="2018-08-31T07:48:13Z" user="Binoyjsdk" uid="344838" lat="8.5470580" lon="76.8837415"/>
 <node id="5870423869" visible="true" version="1" changeset="62162930" timestamp="2018-08-31T07:48:13Z" user="Binoyjsdk" uid="344838" lat="8.5467595" lon="76.8836001"/>
 <node id="5870423870" visible="true" version="1" changeset="62162930" timestamp="2018-08-31T07:48:13Z" user="Binoyjsdk" uid="344838" lat="8.5467092" lon="76.8835176"/>
 <node id="5870423871" visible="true" version="1" changeset="62162930" timestamp="2018-08-31T07:48:13Z" user="Binoyjsdk" uid="344838" lat="8.5467619" lon="76.8827503"/>
 <node id="5870423872" visible="true" version="1" changeset="62162930" timestamp="2018-08-31T07:48:13Z" user="Binoyjsdk" uid="344838" lat="8.5458172" lon="76.8824588"/>
 <node id="5870423873" visible="true" version="1" changeset="62162930" timestamp="2018-08-31T07:48:13Z" user="Binoyjsdk" uid="344838" lat="8.5445779" lon="76.8822742"/>
 <node id="5870423874" visible="true" version="1" changeset="62162930" timestamp="2018-08-31T07:48:13Z" user="Binoyjsdk" uid="344838" lat="8.5443530" lon="76.8820527"/>
 <node id="5870423875" visible="true" version="1" changeset="62162930" timestamp="2018-08-31T07:48:13Z" user="Binoyjsdk" uid="344838" lat="8.5442548" lon="76.8818371"/>
 <node id="6897443262" visible="true" version="4" changeset="140099836" timestamp="2023-08-19T15:34:53Z" user="Dinsh" uid="10923610" lat="8.5391996" lon="76.8808829"/>
 <node id="6909448085" visible="true" version="1" changeset="76109426" timestamp="2019-10-23T14:41:51Z" user="mottiger" uid="7504544" lat="8.5413743" lon="76.8820721"/>
 <node id="6909448086" visible="true" version="1" changeset="76109426" timestamp="2019-10-23T14:41:51Z" user="mottiger" uid="7504544" lat="8.5413053" lon="76.8819675"/>
 <node id="6909448087" visible="true" version="1" changeset="76109426" timestamp="2019-10-23T14:41:51Z" user="mottiger" uid="7504544" lat="8.5456315" lon="76.8791820"/>
 <node id="6967824224" visible="true" version="2" changeset="86072908" timestamp="2020-06-02T07:23:45Z" user="VLD149" uid="10979429" lat="8.5437629" lon="76.8792544"/>
 <node id="6967824225" visible="true" version="1" changeset="76934789" timestamp="2019-11-12T00:23:42Z" user="A run" uid="8782076" lat="8.5434034" lon="76.8794475"/>
 <node id="6970729802" visible="true" version="3" changeset="86062190" timestamp="2020-06-01T20:11:04Z" user="VLD149" uid="10979429" lat="8.5405118" lon="76.8794502"/>
 <node id="6970729803" visible="true" version="4" changeset="140101327" timestamp="2023-08-19T16:12:15Z" user="Dinsh" uid="10923610" lat="8.5405797" lon="76.8797378"/>
 <node id="6970729804" visible="true" version="3" changeset="140101327" timestamp="2023-08-19T16:12:15Z" user="Dinsh" uid="10923610" lat="8.5407205" lon="76.8800238"/>
 <node id="6978662756" visible="true" version="4" changeset="164669767" timestamp="2025-04-08T09:32:37Z" user="nileshbarawkar" uid="16275544" lat="8.5396000" lon="76.8798277"/>
 <node id="6978676619" visible="true" version="3" changeset="86070889" timestamp="2020-06-02T05:58:24Z" user="VLD149" uid="10979429" lat="8.5428236" lon="76.8905419"/>
 <node id="6988580496" visible="true" version="5" changeset="155962454" timestamp="2024-08-30T08:48:23Z" user="Aby VAST" uid="10454653" lat="8.5416498" lon="76.8832870"/>
 <node id="7010151651" visible="true" version="2" changeset="84192290" timestamp="2020-04-27T10:36:09Z" user="Anu2000" uid="11023202" lat="8.5405968" lon="76.8817252"/>
 <node id="7010151652" visible="true" version="3" changeset="140099836" timestamp="2023-08-19T15:34:53Z" user="Dinsh" uid="10923610" lat="8.5409652" lon="76.8816442"/>
 <node id="7012895947" visible="true" version="1" changeset="77603862" timestamp="2019-11-27T03:33:27Z" user="Smahat2" uid="10285109" lat="8.5425981" lon="76.8895941"/>
 <node id="7452819613" visible="true" version="2" changeset="140099836" timestamp="2023-08-19T15:34:53Z" user="Dinsh" uid="10923610" lat="8.5397718" lon="76.8818049"/>
 <node id="7452819614" visible="true" version="2" changeset="140099836" timestamp="2023-08-19T15:34:53Z" user="Dinsh" uid="10923610" lat="8.5395039" lon="76.8818742"/>
 <node id="7452819615" visible="true" version="2" changeset="140099836" timestamp="2023-08-19T15:34:53Z" user="Dinsh" uid="10923610" lat="8.5395304" lon="76.8819790"/>
 <node id="7452819616" visible="true" version="2" changeset="140099836" timestamp="2023-08-19T15:34:53Z" user="Dinsh" uid="10923610" lat="8.5397983" lon="76.8819097"/>
 <node id="7452819633" visible="true" version="2" changeset="140099836" timestamp="2023-08-19T15:34:53Z" user="Dinsh" uid="10923610" lat="8.5397563" lon="76.8815416"/>
 <node id="7452819634" visible="true" version="2" changeset="140099836" timestamp="2023-08-19T15:34:53Z" user="Dinsh" uid="10923610" lat="8.5396843" lon="76.8815414"/>
 <node id="7452819635" visible="true" version="2" changeset="140099836" timestamp="2023-08-19T15:34:53Z" user="Dinsh" uid="10923610" lat="8.5396849" lon="76.8813331"/>
 <node id="7452819636" visible="true" version="2" changeset="140099836" timestamp="2023-08-19T15:34:53Z" user="Dinsh" uid="10923610" lat="8.5397570" lon="76.8813333"/>
 <node id="7452819665" visible="true" version="1" changeset="84192290" timestamp="2020-04-27T10:36:09Z" user="Anu2000" uid="11023202" lat="8.5397867" lon="76.8806853"/>
 <node id="7452819666" visible="true" version="1" changeset="84192290" timestamp="2020-04-27T10:36:09Z" user="Anu2000" uid="11023202" lat="8.5397083" lon="76.8807129"/>
 <node id="7452819667" visible="true" version="1" changeset="84192290" timestamp="2020-04-27T10:36:09Z" user="Anu2000" uid="11023202" lat="8.5397393" lon="76.8808143"/>
 <node id="7452819668" visible="true" version="1" changeset="84192290" timestamp="2020-04-27T10:36:09Z" user="Anu2000" uid="11023202" lat="8.5398195" lon="76.8807977"/>
 <node id="7452819669" visible="true" version="1" changeset="84192290" timestamp="2020-04-27T10:36:09Z" user="Anu2000" uid="11023202" lat="8.5399435" lon="76.8806853"/>
 <node id="7452819670" visible="true" version="1" changeset="84192290" timestamp="2020-04-27T10:36:09Z" user="Anu2000" uid="11023202" lat="8.5398396" lon="76.8807148"/>
 <node id="7452819671" visible="true" version="1" changeset="84192290" timestamp="2020-04-27T10:36:09Z" user="Anu2000" uid="11023202" lat="8.5398815" lon="76.8808346"/>
 <node id="7452819672" visible="true" version="1" changeset="84192290" timestamp="2020-04-27T10:36:09Z" user="Anu2000" uid="11023202" lat="8.5399781" lon="76.8808088"/>
 <node id="7452819673" visible="true" version="2" changeset="140099836" timestamp="2023-08-19T15:34:53Z" user="Dinsh" uid="10923610" lat="8.5404958" lon="76.8804214"/>
 <node id="7452819674" visible="true" version="2" changeset="140099836" timestamp="2023-08-19T15:34:53Z" user="Dinsh" uid="10923610" lat="8.5404266" lon="76.8804377"/>
 <node id="7452819675" visible="true" version="2" changeset="140099836" timestamp="2023-08-19T15:34:53Z" user="Dinsh" uid="10923610" lat="8.5404470" lon="76.8805263"/>
 <node id="7452819676" visible="true" version="2" changeset="140099836" timestamp="2023-08-19T15:34:53Z" user="Dinsh" uid="10923610" lat="8.5405163" lon="76.8805099"/>
 <node id="7452819677" visible="true" version="2" changeset="140099836" timestamp="2023-08-19T15:34:53Z" user="Dinsh" uid="10923610" lat="8.5405018" lon="76.8805349"/>
 <node id="7452819678" visible="true" version="2" changeset="140099836" timestamp="2023-08-19T15:34:53Z" user="Dinsh" uid="10923610" lat="8.5404552" lon="76.8805448"/>
 <node id="7452819679" visible="true" version="2" changeset="140099836" timestamp="2023-08-19T15:34:53Z" user="Dinsh" uid="10923610" lat="8.5404756" lon="76.8806430"/>
 <node id="7452819680" visible="true" version="2" changeset="140099836" timestamp="2023-08-19T15:34:53Z" user="Dinsh" uid="10923610" lat="8.5405222" lon="76.8806331"/>
 <node id="7452819681" visible="true" version="2" changeset="140099836" timestamp="2023-08-19T15:34:53Z" user="Dinsh" uid="10923610" lat="8.5405476" lon="76.8806547"/>
 <node id="7452819682" visible="true" version="2" changeset="140099836" timestamp="2023-08-19T15:34:53Z" user="Dinsh" uid="10923610" lat="8.5404887" lon="76.8806723"/>
 <node id="7452819683" visible="true" version="2" changeset="140099836" timestamp="2023-08-19T15:34:53Z" user="Dinsh" uid="10923610" lat="8.5404220" lon="76.8806922"/>
 <node id="7452819684" visible="true" version="2" changeset="140099836" timestamp="2023-08-19T15:34:53Z" user="Dinsh" uid="10923610" lat="8.5404711" lon="76.8808604"/>
 <node id="7452819685" visible="true" version="2" changeset="140099836" timestamp="2023-08-19T15:34:53Z" user="Dinsh" uid="10923610" lat="8.5405967" lon="76.8808228"/>
 <node id="7452819686" visible="true" version="2" changeset="140099836" timestamp="2023-08-19T15:34:53Z" user="Dinsh" uid="10923610" lat="8.5406028" lon="76.8808405"/>
 <node id="7452819687" visible="true" version="2" changeset="140099836" timestamp="2023-08-19T15:34:53Z" user="Dinsh" uid="10923610" lat="8.5405424" lon="76.8808616"/>
 <node id="7452819688" visible="true" version="2" changeset="140099836" timestamp="2023-08-19T15:34:53Z" user="Dinsh" uid="10923610" lat="8.5405858" lon="76.8809884"/>
 <node id="7452819689" visible="true" version="2" changeset="140099836" timestamp="2023-08-19T15:34:53Z" user="Dinsh" uid="10923610" lat="8.5406462" lon="76.8809672"/>
 <node id="7452819690" visible="true" version="2" changeset="140099836" timestamp="2023-08-19T15:34:53Z" user="Dinsh" uid="10923610" lat="8.5406394" lon="76.8809857"/>
 <node id="7452819691" visible="true" version="2" changeset="140099836" timestamp="2023-08-19T15:34:53Z" user="Dinsh" uid="10923610" lat="8.5405768" lon="76.8810080"/>
 <node id="7452819692" visible="true" version="2" changeset="140099836" timestamp="2023-08-19T15:34:53Z" user="Dinsh" uid="10923610" lat="8.5406004" lon="76.8810759"/>
 <node id="7452819693" visible="true" version="2" changeset="140099836" timestamp="2023-08-19T15:34:53Z" user="Dinsh" uid="10923610" lat="8.5406630" lon="76.8810537"/>
 <node id="7452819694" visible="true" version="2" changeset="140099836" timestamp="2023-08-19T15:34:53Z" user="Dinsh" uid="10923610" lat="8.5407365" lon="76.8810491"/>
 <node id="7452819695" visible="true" version="2" changeset="140099836" timestamp="2023-08-19T15:34:53Z" user="Dinsh" uid="10923610" lat="8.5406545" lon="76.8810832"/>
 <node id="7452819696" visible="true" version="2" changeset="140099836" timestamp="2023-08-19T15:34:53Z" user="Dinsh" uid="10923610" lat="8.5407017" lon="76.8811994"/>
 <node id="7452819697" visible="true" version="2" changeset="140099836" timestamp="2023-08-19T15:34:53Z" user="Dinsh" uid="10923610" lat="8.5407837" lon="76.8811653"/>
 <node id="7452819698" visible="true" version="2" changeset="140099836" timestamp="2023-08-19T15:34:53Z" user="Dinsh" uid="10923610" lat="8.5408169" lon="76.8811711"/>
 <node id="7452819699" visible="true" version="1" changeset="84192290" timestamp="2020-04-27T10:36:09Z" user="Anu2000" uid="11023202" lat="8.5405896" lon="76.8812381"/>
 <node id="7452819700" visible="true" version="2" changeset="140099836" timestamp="2023-08-19T15:34:53Z" user="Dinsh" uid="10923610" lat="8.5407575" lon="76.8812242"/>
 <node id="7452819701" visible="true" version="2" changeset="140099836" timestamp="2023-08-19T15:34:53Z" user="Dinsh" uid="10923610" lat="8.5406274" lon="76.8812656"/>
 <node id="7452819702" visible="true" version="2" changeset="140099836" timestamp="2023-08-19T15:34:53Z" user="Dinsh" uid="10923610" lat="8.5406473" lon="76.8813296"/>
 <node id="7452819703" visible="true" version="2" changeset="140099836" timestamp="2023-08-19T15:34:53Z" user="Dinsh" uid="10923610" lat="8.5407775" lon="76.8812882"/>
 <node id="7452819704" visible="true" version="2" changeset="140099836" timestamp="2023-08-19T15:34:53Z" user="Dinsh" uid="10923610" lat="8.5406168" lon="76.8812701"/>
 <node id="7452819705" visible="true" version="2" changeset="140099836" timestamp="2023-08-19T15:34:53Z" user="Dinsh" uid="10923610" lat="8.5405298" lon="76.8812911"/>
 <node id="7452819706" visible="true" version="2" changeset="140099836" timestamp="2023-08-19T15:34:53Z" user="Dinsh" uid="10923610" lat="8.5405381" lon="76.8813539"/>
 <node id="7452819707" visible="true" version="2" changeset="140099836" timestamp="2023-08-19T15:34:53Z" user="Dinsh" uid="10923610" lat="8.5406306" lon="76.8813288"/>
 <node id="7452819708" visible="true" version="2" changeset="140099836" timestamp="2023-08-19T15:34:53Z" user="Dinsh" uid="10923610" lat="8.5406265" lon="76.8811016"/>
 <node id="7452819709" visible="true" version="2" changeset="140099836" timestamp="2023-08-19T15:34:53Z" user="Dinsh" uid="10923610" lat="8.5405330" lon="76.8811326"/>
 <node id="7452819710" visible="true" version="2" changeset="140099836" timestamp="2023-08-19T15:34:53Z" user="Dinsh" uid="10923610" lat="8.5405637" lon="76.8812272"/>
 <node id="7452819711" visible="true" version="2" changeset="140099836" timestamp="2023-08-19T15:34:53Z" user="Dinsh" uid="10923610" lat="8.5406572" lon="76.8811962"/>
 <node id="7452819712" visible="true" version="2" changeset="140099836" timestamp="2023-08-19T15:34:53Z" user="Dinsh" uid="10923610" lat="8.5407880" lon="76.8813542"/>
 <node id="7452819713" visible="true" version="2" changeset="140099836" timestamp="2023-08-19T15:34:53Z" user="Dinsh" uid="10923610" lat="8.5405960" lon="76.8813920"/>
 <node id="7452819714" visible="true" version="2" changeset="140099836" timestamp="2023-08-19T15:34:53Z" user="Dinsh" uid="10923610" lat="8.5406084" lon="76.8814563"/>
 <node id="7452819715" visible="true" version="2" changeset="140099836" timestamp="2023-08-19T15:34:53Z" user="Dinsh" uid="10923610" lat="8.5408004" lon="76.8814185"/>
 <node id="7452819716" visible="true" version="2" changeset="140099836" timestamp="2023-08-19T15:34:53Z" user="Dinsh" uid="10923610" lat="8.5408075" lon="76.8814407"/>
 <node id="7452819717" visible="true" version="2" changeset="140099836" timestamp="2023-08-19T15:34:53Z" user="Dinsh" uid="10923610" lat="8.5406330" lon="76.8814831"/>
 <node id="7452819718" visible="true" version="2" changeset="140099836" timestamp="2023-08-19T15:34:53Z" user="Dinsh" uid="10923610" lat="8.5406505" lon="76.8815567"/>
 <node id="7452819719" visible="true" version="2" changeset="140099836" timestamp="2023-08-19T15:34:53Z" user="Dinsh" uid="10923610" lat="8.5408250" lon="76.8815143"/>
 <node id="7452819720" visible="true" version="2" changeset="140099836" timestamp="2023-08-19T15:34:53Z" user="Dinsh" uid="10923610" lat="8.5408582" lon="76.8814090"/>
 <node id="7452819721" visible="true" version="2" changeset="140099836" timestamp="2023-08-19T15:34:53Z" user="Dinsh" uid="10923610" lat="8.5408192" lon="76.8814185"/>
 <node id="7452819722" visible="true" version="2" changeset="140099836" timestamp="2023-08-19T15:34:53Z" user="Dinsh" uid="10923610" lat="8.5408395" lon="76.8815042"/>
 <node id="7452819723" visible="true" version="2" changeset="140099836" timestamp="2023-08-19T15:34:53Z" user="Dinsh" uid="10923610" lat="8.5408785" lon="76.8814948"/>
 <node id="7452819724" visible="true" version="2" changeset="140099836" timestamp="2023-08-19T15:34:53Z" user="Dinsh" uid="10923610" lat="8.5408890" lon="76.8815402"/>
 <node id="7452819725" visible="true" version="2" changeset="140099836" timestamp="2023-08-19T15:34:53Z" user="Dinsh" uid="10923610" lat="8.5408277" lon="76.8815554"/>
 <node id="7452819726" visible="true" version="2" changeset="140099836" timestamp="2023-08-19T15:34:53Z" user="Dinsh" uid="10923610" lat="8.5408514" lon="76.8816540"/>
 <node id="7452819727" visible="true" version="2" changeset="140099836" timestamp="2023-08-19T15:34:53Z" user="Dinsh" uid="10923610" lat="8.5409128" lon="76.8816388"/>
 <node id="7452819728" visible="true" version="3" changeset="140099836" timestamp="2023-08-19T15:34:53Z" user="Dinsh" uid="10923610" lat="8.5409146" lon="76.8816687"/>
 <node id="7452819729" visible="true" version="3" changeset="140099836" timestamp="2023-08-19T15:34:53Z" user="Dinsh" uid="10923610" lat="8.5408648" lon="76.8816861"/>
 <node id="7452819730" visible="true" version="3" changeset="140099836" timestamp="2023-08-19T15:34:53Z" user="Dinsh" uid="10923610" lat="8.5408854" lon="76.8817465"/>
 <node id="7452819731" visible="true" version="3" changeset="140099836" timestamp="2023-08-19T15:34:53Z" user="Dinsh" uid="10923610" lat="8.5409353" lon="76.8817291"/>
 <node id="7452819732" visible="true" version="4" changeset="155962454" timestamp="2024-08-30T08:48:23Z" user="Aby VAST" uid="10454653" lat="8.5410386" lon="76.8817942"/>
 <node id="7452819733" visible="true" version="3" changeset="170821994" timestamp="2025-08-22T10:02:47Z" user="sathya sp" uid="17827775" lat="8.5406463" lon="76.8821733"/>
 <node id="7452819734" visible="true" version="3" changeset="170821994" timestamp="2025-08-22T10:02:47Z" user="sathya sp" uid="17827775" lat="8.5402991" lon="76.8825122"/>
 <node id="7452819735" visible="true" version="3" changeset="155962454" timestamp="2024-08-30T08:48:23Z" user="Aby VAST" uid="10454653" lat="8.5411294" lon="76.8821112"/>
 <node id="7452819736" visible="true" version="3" changeset="155962454" timestamp="2024-08-30T08:48:23Z" user="Aby VAST" uid="10454653" lat="8.5410554" lon="76.8821395"/>
 <node id="7452819737" visible="true" version="3" changeset="155962454" timestamp="2024-08-30T08:48:23Z" user="Aby VAST" uid="10454653" lat="8.5410875" lon="76.8822250"/>
 <node id="7452819738" visible="true" version="3" changeset="155962454" timestamp="2024-08-30T08:48:23Z" user="Aby VAST" uid="10454653" lat="8.5411615" lon="76.8821967"/>
 <node id="7452819739" visible="true" version="3" changeset="155962454" timestamp="2024-08-30T08:48:23Z" user="Aby VAST" uid="10454653" lat="8.5411479" lon="76.8822245"/>
 <node id="7452819740" visible="true" version="3" changeset="155962454" timestamp="2024-08-30T08:48:23Z" user="Aby VAST" uid="10454653" lat="8.5410827" lon="76.8822547"/>
 <node id="7452819741" visible="true" version="3" changeset="155962454" timestamp="2024-08-30T08:48:23Z" user="Aby VAST" uid="10454653" lat="8.5411239" lon="76.8823455"/>
 <node id="7452819742" visible="true" version="3" changeset="155962454" timestamp="2024-08-30T08:48:23Z" user="Aby VAST" uid="10454653" lat="8.5411891" lon="76.8823153"/>
 <node id="7452842083" visible="true" version="1" changeset="84193136" timestamp="2020-04-27T10:49:24Z" user="Anu2000" uid="11023202" lat="8.5407778" lon="76.8805416"/>
 <node id="7452842084" visible="true" version="1" changeset="84193136" timestamp="2020-04-27T10:49:24Z" user="Anu2000" uid="11023202" lat="8.5406559" lon="76.8805817"/>
 <node id="7452861985" visible="true" version="1" changeset="84193136" timestamp="2020-04-27T10:49:24Z" user="Anu2000" uid="11023202" lat="8.5407092" lon="76.8807573"/>
 <node id="7452861986" visible="true" version="1" changeset="84193136" timestamp="2020-04-27T10:49:24Z" user="Anu2000" uid="11023202" lat="8.5408372" lon="76.8807034"/>
 <node id="7452861987" visible="true" version="2" changeset="140101327" timestamp="2023-08-19T16:12:15Z" user="Dinsh" uid="10923610" lat="8.5409332" lon="76.8807911"/>
 <node id="7452861988" visible="true" version="2" changeset="140101327" timestamp="2023-08-19T16:12:15Z" user="Dinsh" uid="10923610" lat="8.5408447" lon="76.8807910"/>
 <node id="7452861989" visible="true" version="2" changeset="140101327" timestamp="2023-08-19T16:12:15Z" user="Dinsh" uid="10923610" lat="8.5408449" lon="76.8806915"/>
 <node id="7452861990" visible="true" version="2" changeset="140101327" timestamp="2023-08-19T16:12:15Z" user="Dinsh" uid="10923610" lat="8.5409490" lon="76.8806916"/>
 <node id="7452861991" visible="true" version="2" changeset="140101327" timestamp="2023-08-19T16:12:15Z" user="Dinsh" uid="10923610" lat="8.5409489" lon="76.8807911"/>
 <node id="7452861992" visible="true" version="2" changeset="140099836" timestamp="2023-08-19T15:34:53Z" user="Dinsh" uid="10923610" lat="8.5408745" lon="76.8808161"/>
 <node id="7452861993" visible="true" version="2" changeset="140099836" timestamp="2023-08-19T15:34:53Z" user="Dinsh" uid="10923610" lat="8.5408319" lon="76.8808284"/>
 <node id="7452861994" visible="true" version="2" changeset="140099836" timestamp="2023-08-19T15:34:53Z" user="Dinsh" uid="10923610" lat="8.5408190" lon="76.8807827"/>
 <node id="7452861995" visible="true" version="2" changeset="140099836" timestamp="2023-08-19T15:34:53Z" user="Dinsh" uid="10923610" lat="8.5407421" lon="76.8808049"/>
 <node id="7452861996" visible="true" version="2" changeset="140099836" timestamp="2023-08-19T15:34:53Z" user="Dinsh" uid="10923610" lat="8.5407770" lon="76.8809281"/>
 <node id="7452861997" visible="true" version="2" changeset="140099836" timestamp="2023-08-19T15:34:53Z" user="Dinsh" uid="10923610" lat="8.5408964" lon="76.8808936"/>
 <node id="7452861998" visible="true" version="2" changeset="140099836" timestamp="2023-08-19T15:34:53Z" user="Dinsh" uid="10923610" lat="8.5408635" lon="76.8809355"/>
 <node id="7452861999" visible="true" version="2" changeset="140099836" timestamp="2023-08-19T15:34:53Z" user="Dinsh" uid="10923610" lat="8.5407614" lon="76.8809586"/>
 <node id="7452862000" visible="true" version="2" changeset="140099836" timestamp="2023-08-19T15:34:53Z" user="Dinsh" uid="10923610" lat="8.5407827" lon="76.8810264"/>
 <node id="7452862001" visible="true" version="2" changeset="140099836" timestamp="2023-08-19T15:34:53Z" user="Dinsh" uid="10923610" lat="8.5408817" lon="76.8810018"/>
 <node id="7452862002" visible="true" version="2" changeset="140099836" timestamp="2023-08-19T15:34:53Z" user="Dinsh" uid="10923610" lat="8.5408839" lon="76.8810296"/>
 <node id="7452862003" visible="true" version="2" changeset="140099836" timestamp="2023-08-19T15:34:53Z" user="Dinsh" uid="10923610" lat="8.5408292" lon="76.8810410"/>
 <node id="7452862004" visible="true" version="2" changeset="140099836" timestamp="2023-08-19T15:34:53Z" user="Dinsh" uid="10923610" lat="8.5408408" lon="76.8810981"/>
 <node id="7452862005" visible="true" version="2" changeset="140099836" timestamp="2023-08-19T15:34:53Z" user="Dinsh" uid="10923610" lat="8.5408955" lon="76.8810867"/>
 <node id="7452862006" visible="true" version="2" changeset="86062190" timestamp="2020-06-01T20:11:04Z" user="VLD149" uid="10979429" lat="8.5407982" lon="76.8811197"/>
 <node id="7452862007" visible="true" version="1" changeset="84193136" timestamp="2020-04-27T10:49:24Z" user="Anu2000" uid="11023202" lat="8.5410703" lon="76.8810793"/>
 <node id="7452862008" visible="true" version="2" changeset="140099836" timestamp="2023-08-19T15:34:53Z" user="Dinsh" uid="10923610" lat="8.5408469" lon="76.8812755"/>
 <node id="7452862009" visible="true" version="1" changeset="84193136" timestamp="2020-04-27T10:49:24Z" user="Anu2000" uid="11023202" lat="8.5412942" lon="76.8811594"/>
 <node id="7452862010" visible="true" version="1" changeset="84193136" timestamp="2020-04-27T10:49:24Z" user="Anu2000" uid="11023202" lat="8.5413384" lon="76.8813566"/>
 <node id="7452862011" visible="true" version="1" changeset="84193136" timestamp="2020-04-27T10:49:24Z" user="Anu2000" uid="11023202" lat="8.5415578" lon="76.8812610"/>
 <node id="7452862012" visible="true" version="1" changeset="84193136" timestamp="2020-04-27T10:49:24Z" user="Anu2000" uid="11023202" lat="8.5413018" lon="76.8811933"/>
 <node id="7452862013" visible="true" version="1" changeset="84193136" timestamp="2020-04-27T10:49:24Z" user="Anu2000" uid="11023202" lat="8.5415121" lon="76.8810978"/>
 <node id="7452862014" visible="true" version="2" changeset="140099836" timestamp="2023-08-19T15:34:53Z" user="Dinsh" uid="10923610" lat="8.5409066" lon="76.8811203"/>
 <node id="7452862015" visible="true" version="2" changeset="140099836" timestamp="2023-08-19T15:34:53Z" user="Dinsh" uid="10923610" lat="8.5408366" lon="76.8811357"/>
 <node id="7452862016" visible="true" version="2" changeset="140099836" timestamp="2023-08-19T15:34:53Z" user="Dinsh" uid="10923610" lat="8.5408510" lon="76.8812029"/>
 <node id="7452862017" visible="true" version="2" changeset="140099836" timestamp="2023-08-19T15:34:53Z" user="Dinsh" uid="10923610" lat="8.5409210" lon="76.8811875"/>
 <node id="7452862018" visible="true" version="1" changeset="84193136" timestamp="2020-04-27T10:49:24Z" user="Anu2000" uid="11023202" lat="8.5410591" lon="76.8811663"/>
 <node id="7452862019" visible="true" version="1" changeset="84193136" timestamp="2020-04-27T10:49:24Z" user="Anu2000" uid="11023202" lat="8.5408999" lon="76.8812017"/>
 <node id="7452862020" visible="true" version="1" changeset="84193136" timestamp="2020-04-27T10:49:24Z" user="Anu2000" uid="11023202" lat="8.5409086" lon="76.8812424"/>
 <node id="7452862021" visible="true" version="1" changeset="84193136" timestamp="2020-04-27T10:49:24Z" user="Anu2000" uid="11023202" lat="8.5410696" lon="76.8811999"/>
 <node id="7452862022" visible="true" version="2" changeset="140099836" timestamp="2023-08-19T15:34:53Z" user="Dinsh" uid="10923610" lat="8.5410874" lon="76.8812392"/>
 <node id="7452862023" visible="true" version="2" changeset="140099836" timestamp="2023-08-19T15:34:53Z" user="Dinsh" uid="10923610" lat="8.5409634" lon="76.8812807"/>
 <node id="7452862024" visible="true" version="2" changeset="140099836" timestamp="2023-08-19T15:34:53Z" user="Dinsh" uid="10923610" lat="8.5409976" lon="76.8813854"/>
 <node id="7452862025" visible="true" version="2" changeset="140099836" timestamp="2023-08-19T15:34:53Z" user="Dinsh" uid="10923610" lat="8.5411216" lon="76.8813439"/>
 <node id="7452862026" visible="true" version="1" changeset="84193136" timestamp="2020-04-27T10:49:24Z" user="Anu2000" uid="11023202" lat="8.5411151" lon="76.8813645"/>
 <node id="7452862027" visible="true" version="1" changeset="84193136" timestamp="2020-04-27T10:49:24Z" user="Anu2000" uid="11023202" lat="8.5410031" lon="76.8814087"/>
 <node id="7452862028" visible="true" version="1" changeset="84193136" timestamp="2020-04-27T10:49:24Z" user="Anu2000" uid="11023202" lat="8.5410259" lon="76.8814795"/>
 <node id="7452862029" visible="true" version="1" changeset="84193136" timestamp="2020-04-27T10:49:24Z" user="Anu2000" uid="11023202" lat="8.5411414" lon="76.8814335"/>
 <node id="7452862030" visible="true" version="2" changeset="140099836" timestamp="2023-08-19T15:34:53Z" user="Dinsh" uid="10923610" lat="8.5411414" lon="76.8814510"/>
 <node id="7452862031" visible="true" version="2" changeset="140099836" timestamp="2023-08-19T15:34:53Z" user="Dinsh" uid="10923610" lat="8.5410493" lon="76.8814880"/>
 <node id="7452862032" visible="true" version="2" changeset="140099836" timestamp="2023-08-19T15:34:53Z" user="Dinsh" uid="10923610" lat="8.5410889" lon="76.8815886"/>
 <node id="7452862033" visible="true" version="2" changeset="140099836" timestamp="2023-08-19T15:34:53Z" user="Dinsh" uid="10923610" lat="8.5411809" lon="76.8815516"/>
 <node id="7452862034" visible="true" version="1" changeset="84193136" timestamp="2020-04-27T10:49:24Z" user="Anu2000" uid="11023202" lat="8.5410399" lon="76.8814919"/>
 <node id="7452862035" visible="true" version="1" changeset="84193136" timestamp="2020-04-27T10:49:24Z" user="Anu2000" uid="11023202" lat="8.5410084" lon="76.8815061"/>
 <node id="7452862036" visible="true" version="1" changeset="84193136" timestamp="2020-04-27T10:49:24Z" user="Anu2000" uid="11023202" lat="8.5410399" lon="76.8815662"/>
 <node id="7452862037" visible="true" version="1" changeset="84193136" timestamp="2020-04-27T10:49:24Z" user="Anu2000" uid="11023202" lat="8.5410626" lon="76.8815538"/>
 <node id="7452862038" visible="true" version="1" changeset="84193136" timestamp="2020-04-27T10:49:24Z" user="Anu2000" uid="11023202" lat="8.5412849" lon="76.8812955"/>
 <node id="7452862039" visible="true" version="1" changeset="84193136" timestamp="2020-04-27T10:49:24Z" user="Anu2000" uid="11023202" lat="8.5412236" lon="76.8813220"/>
 <node id="7452862040" visible="true" version="1" changeset="84193136" timestamp="2020-04-27T10:49:24Z" user="Anu2000" uid="11023202" lat="8.5412429" lon="76.8814017"/>
 <node id="7452862041" visible="true" version="1" changeset="84193136" timestamp="2020-04-27T10:49:24Z" user="Anu2000" uid="11023202" lat="8.5413199" lon="76.8813893"/>
 <node id="7452862042" visible="true" version="1" changeset="84193136" timestamp="2020-04-27T10:49:24Z" user="Anu2000" uid="11023202" lat="8.5412884" lon="76.8812796"/>
 <node id="7452862043" visible="true" version="1" changeset="84193136" timestamp="2020-04-27T10:49:24Z" user="Anu2000" uid="11023202" lat="8.5412376" lon="76.8812884"/>
 <node id="7452862044" visible="true" version="1" changeset="84193136" timestamp="2020-04-27T10:49:24Z" user="Anu2000" uid="11023202" lat="8.5412236" lon="76.8811946"/>
 <node id="7452862045" visible="true" version="1" changeset="84193136" timestamp="2020-04-27T10:49:24Z" user="Anu2000" uid="11023202" lat="8.5412779" lon="76.8811840"/>
 <node id="7452862046" visible="true" version="1" changeset="84193136" timestamp="2020-04-27T10:49:24Z" user="Anu2000" uid="11023202" lat="8.5414196" lon="76.8812424"/>
 <node id="7452862047" visible="true" version="1" changeset="84193136" timestamp="2020-04-27T10:49:24Z" user="Anu2000" uid="11023202" lat="8.5413461" lon="76.8812760"/>
 <node id="7452862048" visible="true" version="1" changeset="84193136" timestamp="2020-04-27T10:49:24Z" user="Anu2000" uid="11023202" lat="8.5413234" lon="76.8812141"/>
 <node id="7452862049" visible="true" version="1" changeset="84193136" timestamp="2020-04-27T10:49:24Z" user="Anu2000" uid="11023202" lat="8.5414021" lon="76.8811769"/>
 <node id="7452862050" visible="true" version="1" changeset="84193136" timestamp="2020-04-27T10:49:24Z" user="Anu2000" uid="11023202" lat="8.5414249" lon="76.8812530"/>
 <node id="7452862051" visible="true" version="1" changeset="84193136" timestamp="2020-04-27T10:49:24Z" user="Anu2000" uid="11023202" lat="8.5413444" lon="76.8812866"/>
 <node id="7452862052" visible="true" version="1" changeset="84193136" timestamp="2020-04-27T10:49:24Z" user="Anu2000" uid="11023202" lat="8.5413566" lon="76.8813291"/>
 <node id="7452862053" visible="true" version="1" changeset="84193136" timestamp="2020-04-27T10:49:24Z" user="Anu2000" uid="11023202" lat="8.5414406" lon="76.8812973"/>
 <node id="7452862054" visible="true" version="1" changeset="84193136" timestamp="2020-04-27T10:49:24Z" user="Anu2000" uid="11023202" lat="8.5414844" lon="76.8811451"/>
 <node id="7452862055" visible="true" version="1" changeset="84193136" timestamp="2020-04-27T10:49:24Z" user="Anu2000" uid="11023202" lat="8.5414144" lon="76.8811628"/>
 <node id="7452862056" visible="true" version="1" changeset="84193136" timestamp="2020-04-27T10:49:24Z" user="Anu2000" uid="11023202" lat="8.5414266" lon="76.8812194"/>
 <node id="7452862057" visible="true" version="1" changeset="84193136" timestamp="2020-04-27T10:49:24Z" user="Anu2000" uid="11023202" lat="8.5414984" lon="76.8812070"/>
 <node id="7452862058" visible="true" version="1" changeset="84193136" timestamp="2020-04-27T10:49:24Z" user="Anu2000" uid="11023202" lat="8.5413356" lon="76.8810902"/>
 <node id="7452862059" visible="true" version="1" changeset="84193136" timestamp="2020-04-27T10:49:24Z" user="Anu2000" uid="11023202" lat="8.5412394" lon="76.8811345"/>
 <node id="7452862060" visible="true" version="1" changeset="84193136" timestamp="2020-04-27T10:49:24Z" user="Anu2000" uid="11023202" lat="8.5411886" lon="76.8810070"/>
 <node id="7452862061" visible="true" version="1" changeset="84193136" timestamp="2020-04-27T10:49:24Z" user="Anu2000" uid="11023202" lat="8.5412814" lon="76.8809734"/>
 <node id="7452862062" visible="true" version="1" changeset="84193136" timestamp="2020-04-27T10:49:24Z" user="Anu2000" uid="11023202" lat="8.5413969" lon="76.8810194"/>
 <node id="7452862063" visible="true" version="1" changeset="84193136" timestamp="2020-04-27T10:49:24Z" user="Anu2000" uid="11023202" lat="8.5413304" lon="76.8810460"/>
 <node id="7452862064" visible="true" version="1" changeset="84193136" timestamp="2020-04-27T10:49:24Z" user="Anu2000" uid="11023202" lat="8.5412796" lon="76.8809239"/>
 <node id="7452862065" visible="true" version="1" changeset="84193136" timestamp="2020-04-27T10:49:24Z" user="Anu2000" uid="11023202" lat="8.5413619" lon="76.8808920"/>
 <node id="7452862066" visible="true" version="1" changeset="84193136" timestamp="2020-04-27T10:49:24Z" user="Anu2000" uid="11023202" lat="8.5414056" lon="76.8813698"/>
 <node id="7452862067" visible="true" version="1" changeset="84193136" timestamp="2020-04-27T10:49:24Z" user="Anu2000" uid="11023202" lat="8.5413496" lon="76.8813840"/>
 <node id="7452862068" visible="true" version="1" changeset="84193136" timestamp="2020-04-27T10:49:24Z" user="Anu2000" uid="11023202" lat="8.5413706" lon="76.8814459"/>
 <node id="7452862069" visible="true" version="1" changeset="84193136" timestamp="2020-04-27T10:49:24Z" user="Anu2000" uid="11023202" lat="8.5414319" lon="76.8814264"/>
 <node id="7452862070" visible="true" version="1" changeset="84193136" timestamp="2020-04-27T10:49:24Z" user="Anu2000" uid="11023202" lat="8.5414424" lon="76.8813362"/>
 <node id="7452862071" visible="true" version="1" changeset="84193136" timestamp="2020-04-27T10:49:24Z" user="Anu2000" uid="11023202" lat="8.5414109" lon="76.8813486"/>
 <node id="7452862072" visible="true" version="1" changeset="84193136" timestamp="2020-04-27T10:49:24Z" user="Anu2000" uid="11023202" lat="8.5414371" lon="76.8814017"/>
 <node id="7452862073" visible="true" version="1" changeset="84193136" timestamp="2020-04-27T10:49:24Z" user="Anu2000" uid="11023202" lat="8.5414634" lon="76.8813928"/>
 <node id="7452862074" visible="true" version="1" changeset="84193136" timestamp="2020-04-27T10:49:24Z" user="Anu2000" uid="11023202" lat="8.5415859" lon="76.8812707"/>
 <node id="7452862075" visible="true" version="1" changeset="84193136" timestamp="2020-04-27T10:49:24Z" user="Anu2000" uid="11023202" lat="8.5414634" lon="76.8813220"/>
 <node id="7452862076" visible="true" version="1" changeset="84193136" timestamp="2020-04-27T10:49:24Z" user="Anu2000" uid="11023202" lat="8.5414844" lon="76.8813893"/>
 <node id="7452862077" visible="true" version="1" changeset="84193136" timestamp="2020-04-27T10:49:24Z" user="Anu2000" uid="11023202" lat="8.5416174" lon="76.8813433"/>
 <node id="7452862082" visible="true" version="1" changeset="84193136" timestamp="2020-04-27T10:49:24Z" user="Anu2000" uid="11023202" lat="8.5411519" lon="76.8817167"/>
 <node id="7452862083" visible="true" version="1" changeset="84193136" timestamp="2020-04-27T10:49:24Z" user="Anu2000" uid="11023202" lat="8.5411834" lon="76.8817857"/>
 <node id="7452862084" visible="true" version="1" changeset="84193136" timestamp="2020-04-27T10:49:24Z" user="Anu2000" uid="11023202" lat="8.5411414" lon="76.8818069"/>
 <node id="7452862085" visible="true" version="1" changeset="84193136" timestamp="2020-04-27T10:49:24Z" user="Anu2000" uid="11023202" lat="8.5411116" lon="76.8817308"/>
 <node id="7452862086" visible="true" version="1" changeset="84193136" timestamp="2020-04-27T10:49:24Z" user="Anu2000" uid="11023202" lat="8.5410854" lon="76.8816122"/>
 <node id="7452862087" visible="true" version="1" changeset="84193136" timestamp="2020-04-27T10:49:24Z" user="Anu2000" uid="11023202" lat="8.5410591" lon="76.8816229"/>
 <node id="7452862088" visible="true" version="1" changeset="84193136" timestamp="2020-04-27T10:49:24Z" user="Anu2000" uid="11023202" lat="8.5410749" lon="76.8816618"/>
 <node id="7452862089" visible="true" version="1" changeset="84193136" timestamp="2020-04-27T10:49:24Z" user="Anu2000" uid="11023202" lat="8.5411029" lon="76.8816441"/>
 <node id="7452862090" visible="true" version="2" changeset="140099836" timestamp="2023-08-19T15:34:53Z" user="Dinsh" uid="10923610" lat="8.5410052" lon="76.8817348"/>
 <node id="7452862091" visible="true" version="2" changeset="85009769" timestamp="2020-05-11T08:21:17Z" user="VLD149" uid="10979429" lat="8.5413590" lon="76.8818739"/>
 <node id="7452862092" visible="true" version="3" changeset="170814648" timestamp="2025-08-22T07:34:57Z" user="sathya sp" uid="17827775" lat="8.5413962" lon="76.8818342"/>
 <node id="7463136975" visible="true" version="2" changeset="84345992" timestamp="2020-04-29T14:31:45Z" user="Anu2000" uid="11023202" lat="8.5422667" lon="76.8846562"/>
 <node id="7463687805" visible="true" version="2" changeset="86062190" timestamp="2020-06-01T20:11:04Z" user="VLD149" uid="10979429" lat="8.5404239" lon="76.8793974"/>
 <node id="7463687806" visible="true" version="2" changeset="86062190" timestamp="2020-06-01T20:11:04Z" user="VLD149" uid="10979429" lat="8.5400917" lon="76.8794648"/>
 <node id="7463687814" visible="true" version="1" changeset="84345371" timestamp="2020-04-29T14:19:20Z" user="Anu2000" uid="11023202" lat="8.5413054" lon="76.8796119"/>
 <node id="7463687815" visible="true" version="3" changeset="140101327" timestamp="2023-08-19T16:12:15Z" user="Dinsh" uid="10923610" lat="8.5417432" lon="76.8799696"/>
 <node id="7463687838" visible="true" version="1" changeset="84345371" timestamp="2020-04-29T14:19:20Z" user="Anu2000" uid="11023202" lat="8.5415511" lon="76.8800993"/>
 <node id="7463687839" visible="true" version="1" changeset="84345371" timestamp="2020-04-29T14:19:20Z" user="Anu2000" uid="11023202" lat="8.5414785" lon="76.8801009"/>
 <node id="7463687840" visible="true" version="1" changeset="84345371" timestamp="2020-04-29T14:19:20Z" user="Anu2000" uid="11023202" lat="8.5414864" lon="76.8801408"/>
 <node id="7463687841" visible="true" version="1" changeset="84345371" timestamp="2020-04-29T14:19:20Z" user="Anu2000" uid="11023202" lat="8.5415511" lon="76.8801360"/>
 <node id="7463687842" visible="true" version="2" changeset="140101327" timestamp="2023-08-19T16:12:15Z" user="Dinsh" uid="10923610" lat="8.5413349" lon="76.8803152"/>
 <node id="7463687843" visible="true" version="2" changeset="140101327" timestamp="2023-08-19T16:12:15Z" user="Dinsh" uid="10923610" lat="8.5412807" lon="76.8802039"/>
 <node id="7463687844" visible="true" version="1" changeset="84345371" timestamp="2020-04-29T14:19:20Z" user="Anu2000" uid="11023202" lat="8.5410890" lon="76.8802891"/>
 <node id="7463687845" visible="true" version="1" changeset="84345371" timestamp="2020-04-29T14:19:20Z" user="Anu2000" uid="11023202" lat="8.5411473" lon="76.8804039"/>
 <node id="7463687846" visible="true" version="1" changeset="84345371" timestamp="2020-04-29T14:19:20Z" user="Anu2000" uid="11023202" lat="8.5409539" lon="76.8803307">
  <tag k="name" v="Ammas"/>
  <tag k="tourism" v="hotel"/>
 </node>
 <node id="7463687847" visible="true" version="1" changeset="84345371" timestamp="2020-04-29T14:19:20Z" user="Anu2000" uid="11023202" lat="8.5407944" lon="76.8808181">
  <tag k="name" v="Kottakkal aryavaidya sala"/>
  <tag k="shop" v="yes"/>
 </node>
 <node id="7463687848" visible="true" version="1" changeset="84345371" timestamp="2020-04-29T14:19:20Z" user="Anu2000" uid="11023202" lat="8.5408967" lon="76.8809765">
  <tag k="name" v="East opticals"/>
  <tag k="shop" v="optician"/>
 </node>
 <node id="7463687849" visible="true" version="1" changeset="84345371" timestamp="2020-04-29T14:19:20Z" user="Anu2000" uid="11023202" lat="8.5409511" lon="76.8812031">
  <tag k="name" v="Mohan store"/>
  <tag k="shop" v="yes"/>
 </node>
 <node id="7463687850" visible="true" version="1" changeset="84345371" timestamp="2020-04-29T14:19:20Z" user="Anu2000" uid="11023202" lat="8.5409511" lon="76.8811595">
  <tag k="name" v="Gurupriya"/>
  <tag k="shop" v="jewelry"/>
 </node>
 <node id="7463687851" visible="true" version="1" changeset="84345371" timestamp="2020-04-29T14:19:20Z" user="Anu2000" uid="11023202" lat="8.5409132" lon="76.8815221">
  <tag k="name" v="cell zone"/>
  <tag k="shop" v="yes"/>
 </node>
 <node id="7463687852" visible="true" version="1" changeset="84345371" timestamp="2020-04-29T14:19:20Z" user="Anu2000" uid="11023202" lat="8.5409132" lon="76.8817183">
  <tag k="name" v="Arikathu"/>
  <tag k="tourism" v="hotel"/>
 </node>
 <node id="7463687853" visible="true" version="1" changeset="84345371" timestamp="2020-04-29T14:19:20Z" user="Anu2000" uid="11023202" lat="8.5410204" lon="76.8815556">
  <tag k="name" v="Mannan hotel"/>
  <tag k="tourism" v="hotel"/>
 </node>
 <node id="7463722724" visible="true" version="5" changeset="169278760" timestamp="2025-07-22T07:56:43Z" user="Mrmayman" uid="21813515" lat="8.5423914" lon="76.8852838">
  <tag k="alt_name" v="Arasammudu Junction"/>
  <tag k="junction" v="yes"/>
  <tag k="name" v="Arashumoodu Junction"/>
 </node>
 <node id="7463725510" visible="true" version="1" changeset="84345371" timestamp="2020-04-29T14:19:20Z" user="Anu2000" uid="11023202" lat="8.5464781" lon="76.8845822"/>
 <node id="7463725529" visible="true" version="3" changeset="170760272" timestamp="2025-08-21T07:04:22Z" user="sathya sp" uid="17827775" lat="8.5467229" lon="76.8835502"/>
 <node id="7463725530" visible="true" version="3" changeset="170760272" timestamp="2025-08-21T07:04:22Z" user="sathya sp" uid="17827775" lat="8.5467100" lon="76.8835064"/>
 <node id="7464564000" visible="true" version="1" changeset="84358386" timestamp="2020-04-29T18:47:33Z" user="Akash V" uid="11096403" lat="8.5406475" lon="76.8793149"/>
 <node id="7464564001" visible="true" version="1" changeset="84358386" timestamp="2020-04-29T18:47:33Z" user="Akash V" uid="11096403" lat="8.5405100" lon="76.8793645"/>
 <node id="7464564002" visible="true" version="1" changeset="84358386" timestamp="2020-04-29T18:47:33Z" user="Akash V" uid="11096403" lat="8.5405513" lon="76.8795034"/>
 <node id="7464564003" visible="true" version="1" changeset="84358386" timestamp="2020-04-29T18:47:33Z" user="Akash V" uid="11096403" lat="8.5406789" lon="76.8794340"/>
 <node id="7464564004" visible="true" version="1" changeset="84358386" timestamp="2020-04-29T18:47:33Z" user="Akash V" uid="11096403" lat="8.5407868" lon="76.8792533"/>
 <node id="7464564005" visible="true" version="1" changeset="84358386" timestamp="2020-04-29T18:47:33Z" user="Akash V" uid="11096403" lat="8.5406769" lon="76.8792910"/>
 <node id="7464564006" visible="true" version="1" changeset="84358386" timestamp="2020-04-29T18:47:33Z" user="Akash V" uid="11096403" lat="8.5407044" lon="76.8793685"/>
 <node id="7464564007" visible="true" version="1" changeset="84358386" timestamp="2020-04-29T18:47:33Z" user="Akash V" uid="11096403" lat="8.5408143" lon="76.8793387"/>
 <node id="7473896009" visible="true" version="2" changeset="140101327" timestamp="2023-08-19T16:12:15Z" user="Dinsh" uid="10923610" lat="8.5406001" lon="76.8801974"/>
 <node id="7473896010" visible="true" version="2" changeset="140101327" timestamp="2023-08-19T16:12:15Z" user="Dinsh" uid="10923610" lat="8.5406398" lon="76.8803257"/>
 <node id="7473896011" visible="true" version="2" changeset="140101327" timestamp="2023-08-19T16:12:15Z" user="Dinsh" uid="10923610" lat="8.5405704" lon="76.8803476"/>
 <node id="7473896012" visible="true" version="2" changeset="140101327" timestamp="2023-08-19T16:12:15Z" user="Dinsh" uid="10923610" lat="8.5405307" lon="76.8802193"/>
 <node id="7473896013" visible="true" version="1" changeset="84527457" timestamp="2020-05-02T16:02:22Z" user="Anu2000" uid="11023202" lat="8.5406797" lon="76.8802294"/>
 <node id="7473896014" visible="true" version="1" changeset="84527457" timestamp="2020-05-02T16:02:22Z" user="Anu2000" uid="11023202" lat="8.5406262" lon="76.8802440"/>
 <node id="7473896015" visible="true" version="1" changeset="84527457" timestamp="2020-05-02T16:02:22Z" user="Anu2000" uid="11023202" lat="8.5406485" lon="76.8803061"/>
 <node id="7473896016" visible="true" version="1" changeset="84527457" timestamp="2020-05-02T16:02:22Z" user="Anu2000" uid="11023202" lat="8.5406987" lon="76.8802937"/>
 <node id="7473896017" visible="true" version="1" changeset="84527457" timestamp="2020-05-02T16:02:22Z" user="Anu2000" uid="11023202" lat="8.5406686" lon="76.8802643">
  <tag k="name" v="guru"/>
  <tag k="shop" v="bakery"/>
 </node>
 <node id="7473896018" visible="true" version="2" changeset="140101327" timestamp="2023-08-19T16:12:15Z" user="Dinsh" uid="10923610" lat="8.5407570" lon="76.8802949"/>
 <node id="7473896019" visible="true" version="2" changeset="140101327" timestamp="2023-08-19T16:12:15Z" user="Dinsh" uid="10923610" lat="8.5407133" lon="76.8803119"/>
 <node id="7473896020" visible="true" version="2" changeset="140101327" timestamp="2023-08-19T16:12:15Z" user="Dinsh" uid="10923610" lat="8.5407001" lon="76.8802772"/>
 <node id="7473896021" visible="true" version="2" changeset="140101327" timestamp="2023-08-19T16:12:15Z" user="Dinsh" uid="10923610" lat="8.5407438" lon="76.8802602"/>
 <node id="7473896022" visible="true" version="2" changeset="140101327" timestamp="2023-08-19T16:12:15Z" user="Dinsh" uid="10923610" lat="8.5407385" lon="76.8802517"/>
 <node id="7473896023" visible="true" version="2" changeset="140101327" timestamp="2023-08-19T16:12:15Z" user="Dinsh" uid="10923610" lat="8.5407023" lon="76.8802621"/>
 <node id="7473896024" visible="true" version="2" changeset="140101327" timestamp="2023-08-19T16:12:15Z" user="Dinsh" uid="10923610" lat="8.5406708" lon="76.8801504"/>
 <node id="7473896025" visible="true" version="2" changeset="140101327" timestamp="2023-08-19T16:12:15Z" user="Dinsh" uid="10923610" lat="8.5407327" lon="76.8801325"/>
 <node id="7473896026" visible="true" version="2" changeset="140101327" timestamp="2023-08-19T16:12:15Z" user="Dinsh" uid="10923610" lat="8.5407642" lon="76.8802443"/>
 <node id="7473896028" visible="true" version="1" changeset="84527457" timestamp="2020-05-02T16:02:22Z" user="Anu2000" uid="11023202" lat="8.5407165" lon="76.8802316">
  <tag k="name" v="Kulathoor Udaya handloom"/>
  <tag k="shop" v="clothes"/>
 </node>
 <node id="7473896029" visible="true" version="1" changeset="84527457" timestamp="2020-05-02T16:02:22Z" user="Anu2000" uid="11023202" lat="8.5407177" lon="76.8801910">
  <tag k="amenity" v="post_office"/>
 </node>
 <node id="7473896030" visible="true" version="2" changeset="140101327" timestamp="2023-08-19T16:12:15Z" user="Dinsh" uid="10923610" lat="8.5408011" lon="76.8802339"/>
 <node id="7473896031" visible="true" version="2" changeset="140101327" timestamp="2023-08-19T16:12:15Z" user="Dinsh" uid="10923610" lat="8.5407765" lon="76.8802423"/>
 <node id="7473896032" visible="true" version="2" changeset="140101327" timestamp="2023-08-19T16:12:15Z" user="Dinsh" uid="10923610" lat="8.5407408" lon="76.8801358"/>
 <node id="7473896033" visible="true" version="2" changeset="140101327" timestamp="2023-08-19T16:12:15Z" user="Dinsh" uid="10923610" lat="8.5407654" lon="76.8801274"/>
 <node id="7473976886" visible="true" version="2" changeset="140101327" timestamp="2023-08-19T16:12:15Z" user="Dinsh" uid="10923610" lat="8.5408457" lon="76.8800860"/>
 <node id="7473976887" visible="true" version="2" changeset="140101327" timestamp="2023-08-19T16:12:15Z" user="Dinsh" uid="10923610" lat="8.5408578" lon="76.8801409"/>
 <node id="7473976888" visible="true" version="2" changeset="140101327" timestamp="2023-08-19T16:12:15Z" user="Dinsh" uid="10923610" lat="8.5408024" lon="76.8801534"/>
 <node id="7473976889" visible="true" version="2" changeset="140101327" timestamp="2023-08-19T16:12:15Z" user="Dinsh" uid="10923610" lat="8.5407903" lon="76.8800985"/>
 <node id="7473976890" visible="true" version="2" changeset="140101327" timestamp="2023-08-19T16:12:15Z" user="Dinsh" uid="10923610" lat="8.5408489" lon="76.8799326"/>
 <node id="7473976891" visible="true" version="2" changeset="140101327" timestamp="2023-08-19T16:12:15Z" user="Dinsh" uid="10923610" lat="8.5408725" lon="76.8800381"/>
 <node id="7473976892" visible="true" version="2" changeset="140101327" timestamp="2023-08-19T16:12:15Z" user="Dinsh" uid="10923610" lat="8.5407993" lon="76.8800548"/>
 <node id="7473976893" visible="true" version="2" changeset="140101327" timestamp="2023-08-19T16:12:15Z" user="Dinsh" uid="10923610" lat="8.5407757" lon="76.8799494"/>
 <node id="7473976894" visible="true" version="1" changeset="84527824" timestamp="2020-05-02T16:12:18Z" user="Anu2000" uid="11023202" lat="8.5409278" lon="76.8800727"/>
 <node id="7473976895" visible="true" version="1" changeset="84527824" timestamp="2020-05-02T16:12:18Z" user="Anu2000" uid="11023202" lat="8.5409309" lon="76.8801445"/>
 <node id="7473976896" visible="true" version="1" changeset="84527824" timestamp="2020-05-02T16:12:18Z" user="Anu2000" uid="11023202" lat="8.5408663" lon="76.8801540"/>
 <node id="7473976897" visible="true" version="1" changeset="84527824" timestamp="2020-05-02T16:12:18Z" user="Anu2000" uid="11023202" lat="8.5408631" lon="76.8800839"/>
 <node id="7473976898" visible="true" version="2" changeset="140101327" timestamp="2023-08-19T16:12:15Z" user="Dinsh" uid="10923610" lat="8.5408440" lon="76.8801555"/>
 <node id="7473976899" visible="true" version="2" changeset="140101327" timestamp="2023-08-19T16:12:15Z" user="Dinsh" uid="10923610" lat="8.5408567" lon="76.8801901"/>
 <node id="7473976900" visible="true" version="2" changeset="140101327" timestamp="2023-08-19T16:12:15Z" user="Dinsh" uid="10923610" lat="8.5408231" lon="76.8802028"/>
 <node id="7473976901" visible="true" version="2" changeset="140101327" timestamp="2023-08-19T16:12:15Z" user="Dinsh" uid="10923610" lat="8.5408104" lon="76.8801682"/>
 <node id="7473976902" visible="true" version="2" changeset="140101327" timestamp="2023-08-19T16:12:15Z" user="Dinsh" uid="10923610" lat="8.5409436" lon="76.8801569"/>
 <node id="7473976903" visible="true" version="2" changeset="140101327" timestamp="2023-08-19T16:12:15Z" user="Dinsh" uid="10923610" lat="8.5408816" lon="76.8801732"/>
 <node id="7473976904" visible="true" version="2" changeset="140101327" timestamp="2023-08-19T16:12:15Z" user="Dinsh" uid="10923610" lat="8.5408939" lon="76.8802206"/>
 <node id="7473976905" visible="true" version="2" changeset="140101327" timestamp="2023-08-19T16:12:15Z" user="Dinsh" uid="10923610" lat="8.5409559" lon="76.8802042"/>
 <node id="7473976906" visible="true" version="2" changeset="140101327" timestamp="2023-08-19T16:12:15Z" user="Dinsh" uid="10923610" lat="8.5408736" lon="76.8801964"/>
 <node id="7473976907" visible="true" version="2" changeset="140101327" timestamp="2023-08-19T16:12:15Z" user="Dinsh" uid="10923610" lat="8.5408861" lon="76.8802271"/>
 <node id="7473976908" visible="true" version="2" changeset="140101327" timestamp="2023-08-19T16:12:15Z" user="Dinsh" uid="10923610" lat="8.5408423" lon="76.8802453"/>
 <node id="7473976909" visible="true" version="2" changeset="140101327" timestamp="2023-08-19T16:12:15Z" user="Dinsh" uid="10923610" lat="8.5408298" lon="76.8802146"/>
 <node id="7473976910" visible="true" version="1" changeset="84527824" timestamp="2020-05-02T16:12:18Z" user="Anu2000" uid="11023202" lat="8.5408842" lon="76.8803399"/>
 <node id="7473976911" visible="true" version="1" changeset="84527824" timestamp="2020-05-02T16:12:18Z" user="Anu2000" uid="11023202" lat="8.5409014" lon="76.8803801"/>
 <node id="7473976912" visible="true" version="1" changeset="84527824" timestamp="2020-05-02T16:12:18Z" user="Anu2000" uid="11023202" lat="8.5408590" lon="76.8804043"/>
 <node id="7473976913" visible="true" version="1" changeset="84527824" timestamp="2020-05-02T16:12:18Z" user="Anu2000" uid="11023202" lat="8.5408338" lon="76.8803587"/>
 <node id="7473976914" visible="true" version="2" changeset="140101327" timestamp="2023-08-19T16:12:15Z" user="Dinsh" uid="10923610" lat="8.5410816" lon="76.8798361"/>
 <node id="7473976915" visible="true" version="2" changeset="140101327" timestamp="2023-08-19T16:12:15Z" user="Dinsh" uid="10923610" lat="8.5411778" lon="76.8801068"/>
 <node id="7473976916" visible="true" version="2" changeset="140101327" timestamp="2023-08-19T16:12:15Z" user="Dinsh" uid="10923610" lat="8.5411244" lon="76.8801262"/>
 <node id="7473976917" visible="true" version="2" changeset="140101327" timestamp="2023-08-19T16:12:15Z" user="Dinsh" uid="10923610" lat="8.5410282" lon="76.8798555"/>
 <node id="7473976918" visible="true" version="2" changeset="140101327" timestamp="2023-08-19T16:12:15Z" user="Dinsh" uid="10923610" lat="8.5410737" lon="76.8800569"/>
 <node id="7473976919" visible="true" version="2" changeset="140101327" timestamp="2023-08-19T16:12:15Z" user="Dinsh" uid="10923610" lat="8.5411003" lon="76.8801380"/>
 <node id="7473976920" visible="true" version="2" changeset="140101327" timestamp="2023-08-19T16:12:15Z" user="Dinsh" uid="10923610" lat="8.5410164" lon="76.8801661"/>
 <node id="7473976921" visible="true" version="2" changeset="140101327" timestamp="2023-08-19T16:12:15Z" user="Dinsh" uid="10923610" lat="8.5409898" lon="76.8800850"/>
 <node id="7473976922" visible="true" version="2" changeset="140101327" timestamp="2023-08-19T16:12:15Z" user="Dinsh" uid="10923610" lat="8.5412614" lon="76.8800542"/>
 <node id="7473976923" visible="true" version="2" changeset="140101327" timestamp="2023-08-19T16:12:15Z" user="Dinsh" uid="10923610" lat="8.5411905" lon="76.8800826"/>
 <node id="7473976924" visible="true" version="2" changeset="140101327" timestamp="2023-08-19T16:12:15Z" user="Dinsh" uid="10923610" lat="8.5411461" lon="76.8799693"/>
 <node id="7473976925" visible="true" version="2" changeset="140101327" timestamp="2023-08-19T16:12:15Z" user="Dinsh" uid="10923610" lat="8.5412170" lon="76.8799409"/>
 <node id="7473976926" visible="true" version="2" changeset="140101327" timestamp="2023-08-19T16:12:15Z" user="Dinsh" uid="10923610" lat="8.5413308" lon="76.8800337"/>
 <node id="7473976927" visible="true" version="2" changeset="140101327" timestamp="2023-08-19T16:12:15Z" user="Dinsh" uid="10923610" lat="8.5412834" lon="76.8800503"/>
 <node id="7473976928" visible="true" version="2" changeset="140101327" timestamp="2023-08-19T16:12:15Z" user="Dinsh" uid="10923610" lat="8.5412597" lon="76.8799810"/>
 <node id="7473976929" visible="true" version="2" changeset="140101327" timestamp="2023-08-19T16:12:15Z" user="Dinsh" uid="10923610" lat="8.5413071" lon="76.8799644"/>
 <node id="7473976930" visible="true" version="2" changeset="140101327" timestamp="2023-08-19T16:12:15Z" user="Dinsh" uid="10923610" lat="8.5413063" lon="76.8798765"/>
 <node id="7473976931" visible="true" version="2" changeset="140101327" timestamp="2023-08-19T16:12:15Z" user="Dinsh" uid="10923610" lat="8.5413321" lon="76.8799419"/>
 <node id="7473976932" visible="true" version="2" changeset="140101327" timestamp="2023-08-19T16:12:15Z" user="Dinsh" uid="10923610" lat="8.5412526" lon="76.8799740"/>
 <node id="7473976933" visible="true" version="2" changeset="140101327" timestamp="2023-08-19T16:12:15Z" user="Dinsh" uid="10923610" lat="8.5412267" lon="76.8799086"/>
 <node id="7473976934" visible="true" version="2" changeset="140101327" timestamp="2023-08-19T16:12:15Z" user="Dinsh" uid="10923610" lat="8.5413021" lon="76.8798438"/>
 <node id="7473976935" visible="true" version="2" changeset="140101327" timestamp="2023-08-19T16:12:15Z" user="Dinsh" uid="10923610" lat="8.5412162" lon="76.8798847"/>
 <node id="7473976936" visible="true" version="2" changeset="140101327" timestamp="2023-08-19T16:12:15Z" user="Dinsh" uid="10923610" lat="8.5411850" lon="76.8798177"/>
 <node id="7473976937" visible="true" version="2" changeset="140101327" timestamp="2023-08-19T16:12:15Z" user="Dinsh" uid="10923610" lat="8.5412709" lon="76.8797768"/>
 <node id="7473976938" visible="true" version="2" changeset="140101327" timestamp="2023-08-19T16:12:15Z" user="Dinsh" uid="10923610" lat="8.5414720" lon="76.8800419"/>
 <node id="7473976939" visible="true" version="2" changeset="140101327" timestamp="2023-08-19T16:12:15Z" user="Dinsh" uid="10923610" lat="8.5414613" lon="76.8799986"/>
 <node id="7473976940" visible="true" version="2" changeset="140101327" timestamp="2023-08-19T16:12:15Z" user="Dinsh" uid="10923610" lat="8.5414417" lon="76.8799364"/>
 <node id="7473976941" visible="true" version="1" changeset="84527824" timestamp="2020-05-02T16:12:18Z" user="Anu2000" uid="11023202" lat="8.5413807" lon="76.8798172"/>
 <node id="7473976942" visible="true" version="1" changeset="84527824" timestamp="2020-05-02T16:12:18Z" user="Anu2000" uid="11023202" lat="8.5412641" lon="76.8798758"/>
 <node id="7473976943" visible="true" version="2" changeset="140101327" timestamp="2023-08-19T16:12:15Z" user="Dinsh" uid="10923610" lat="8.5415659" lon="76.8798937"/>
 <node id="7473976944" visible="true" version="2" changeset="140101327" timestamp="2023-08-19T16:12:15Z" user="Dinsh" uid="10923610" lat="8.5415926" lon="76.8800078"/>
 <node id="7473976945" visible="true" version="2" changeset="140101327" timestamp="2023-08-19T16:12:15Z" user="Dinsh" uid="10923610" lat="8.5415667" lon="76.8798652"/>
 <node id="7473976946" visible="true" version="2" changeset="140101327" timestamp="2023-08-19T16:12:15Z" user="Dinsh" uid="10923610" lat="8.5414904" lon="76.8795376"/>
 <node id="7473976947" visible="true" version="2" changeset="140101327" timestamp="2023-08-19T16:12:15Z" user="Dinsh" uid="10923610" lat="8.5414869" lon="76.8794875"/>
 <node id="7473976948" visible="true" version="2" changeset="140101327" timestamp="2023-08-19T16:12:15Z" user="Dinsh" uid="10923610" lat="8.5411695" lon="76.8798140"/>
 <node id="7473976949" visible="true" version="2" changeset="140101327" timestamp="2023-08-19T16:12:15Z" user="Dinsh" uid="10923610" lat="8.5410958" lon="76.8798398"/>
 <node id="7473976950" visible="true" version="2" changeset="140101327" timestamp="2023-08-19T16:12:15Z" user="Dinsh" uid="10923610" lat="8.5410459" lon="76.8796937"/>
 <node id="7473976951" visible="true" version="2" changeset="140101327" timestamp="2023-08-19T16:12:15Z" user="Dinsh" uid="10923610" lat="8.5411046" lon="76.8796732"/>
 <node id="7473976952" visible="true" version="2" changeset="140101327" timestamp="2023-08-19T16:12:15Z" user="Dinsh" uid="10923610" lat="8.5411407" lon="76.8797789"/>
 <node id="7473976953" visible="true" version="2" changeset="140101327" timestamp="2023-08-19T16:12:15Z" user="Dinsh" uid="10923610" lat="8.5411558" lon="76.8797737"/>
 <node id="7473976954" visible="true" version="2" changeset="140101327" timestamp="2023-08-19T16:12:15Z" user="Dinsh" uid="10923610" lat="8.5413274" lon="76.8797396"/>
 <node id="7473976955" visible="true" version="2" changeset="140101327" timestamp="2023-08-19T16:12:15Z" user="Dinsh" uid="10923610" lat="8.5412210" lon="76.8797829"/>
 <node id="7473976956" visible="true" version="2" changeset="140101327" timestamp="2023-08-19T16:12:15Z" user="Dinsh" uid="10923610" lat="8.5411898" lon="76.8797044"/>
 <node id="7473976957" visible="true" version="2" changeset="140101327" timestamp="2023-08-19T16:12:15Z" user="Dinsh" uid="10923610" lat="8.5413066" lon="76.8796569"/>
 <node id="7473976958" visible="true" version="2" changeset="140101327" timestamp="2023-08-19T16:12:15Z" user="Dinsh" uid="10923610" lat="8.5413378" lon="76.8797354"/>
 <node id="7473976959" visible="true" version="2" changeset="140101327" timestamp="2023-08-19T16:12:15Z" user="Dinsh" uid="10923610" lat="8.5412779" lon="76.8795989"/>
 <node id="7473976960" visible="true" version="2" changeset="140101327" timestamp="2023-08-19T16:12:15Z" user="Dinsh" uid="10923610" lat="8.5412860" lon="76.8796527"/>
 <node id="7473976961" visible="true" version="2" changeset="140101327" timestamp="2023-08-19T16:12:15Z" user="Dinsh" uid="10923610" lat="8.5411827" lon="76.8796686"/>
 <node id="7473976962" visible="true" version="2" changeset="140101327" timestamp="2023-08-19T16:12:15Z" user="Dinsh" uid="10923610" lat="8.5411746" lon="76.8796148"/>
 <node id="7473976963" visible="true" version="2" changeset="140101327" timestamp="2023-08-19T16:12:15Z" user="Dinsh" uid="10923610" lat="8.5412476" lon="76.8795239"/>
 <node id="7473976964" visible="true" version="2" changeset="140101327" timestamp="2023-08-19T16:12:15Z" user="Dinsh" uid="10923610" lat="8.5412584" lon="76.8795784"/>
 <node id="7473976965" visible="true" version="2" changeset="140101327" timestamp="2023-08-19T16:12:15Z" user="Dinsh" uid="10923610" lat="8.5411742" lon="76.8795954"/>
 <node id="7473976966" visible="true" version="2" changeset="140101327" timestamp="2023-08-19T16:12:15Z" user="Dinsh" uid="10923610" lat="8.5411634" lon="76.8795409"/>
 <node id="7473976967" visible="true" version="2" changeset="140101327" timestamp="2023-08-19T16:12:15Z" user="Dinsh" uid="10923610" lat="8.5412373" lon="76.8794440"/>
 <node id="7473976968" visible="true" version="2" changeset="140101327" timestamp="2023-08-19T16:12:15Z" user="Dinsh" uid="10923610" lat="8.5412531" lon="76.8795014"/>
 <node id="7473976969" visible="true" version="2" changeset="140101327" timestamp="2023-08-19T16:12:15Z" user="Dinsh" uid="10923610" lat="8.5411679" lon="76.8795253"/>
 <node id="7473976970" visible="true" version="2" changeset="140101327" timestamp="2023-08-19T16:12:15Z" user="Dinsh" uid="10923610" lat="8.5411521" lon="76.8794679"/>
 <node id="7473976971" visible="true" version="2" changeset="140101327" timestamp="2023-08-19T16:12:15Z" user="Dinsh" uid="10923610" lat="8.5411394" lon="76.8793230"/>
 <node id="7473976972" visible="true" version="2" changeset="140101327" timestamp="2023-08-19T16:12:15Z" user="Dinsh" uid="10923610" lat="8.5411650" lon="76.8794126"/>
 <node id="7473976973" visible="true" version="2" changeset="140101327" timestamp="2023-08-19T16:12:15Z" user="Dinsh" uid="10923610" lat="8.5410407" lon="76.8794489"/>
 <node id="7473976974" visible="true" version="2" changeset="140101327" timestamp="2023-08-19T16:12:15Z" user="Dinsh" uid="10923610" lat="8.5410151" lon="76.8793594"/>
 <node id="7473976975" visible="true" version="2" changeset="140101327" timestamp="2023-08-19T16:12:15Z" user="Dinsh" uid="10923610" lat="8.5410321" lon="76.8794840"/>
 <node id="7473976976" visible="true" version="2" changeset="140101327" timestamp="2023-08-19T16:12:15Z" user="Dinsh" uid="10923610" lat="8.5410529" lon="76.8796006"/>
 <node id="7473976977" visible="true" version="2" changeset="140101327" timestamp="2023-08-19T16:12:15Z" user="Dinsh" uid="10923610" lat="8.5409678" lon="76.8796161"/>
 <node id="7473976978" visible="true" version="2" changeset="140101327" timestamp="2023-08-19T16:12:15Z" user="Dinsh" uid="10923610" lat="8.5409470" lon="76.8794996"/>
 <node id="7473984057" visible="true" version="2" changeset="86072908" timestamp="2020-06-02T07:23:45Z" user="VLD149" uid="10979429" lat="8.5422980" lon="76.8798068"/>
 <node id="7474288001" visible="true" version="2" changeset="85019547" timestamp="2020-05-11T10:46:02Z" user="VLD149" uid="10979429" lat="8.5382129" lon="76.8812763"/>
 <node id="7474288029" visible="true" version="2" changeset="140099836" timestamp="2023-08-19T15:34:55Z" user="Dinsh" uid="10923610" lat="8.5398253" lon="76.8801251"/>
 <node id="7474288030" visible="true" version="2" changeset="140099836" timestamp="2023-08-19T15:34:55Z" user="Dinsh" uid="10923610" lat="8.5396779" lon="76.8801626"/>
 <node id="7474288031" visible="true" version="2" changeset="140099836" timestamp="2023-08-19T15:34:55Z" user="Dinsh" uid="10923610" lat="8.5397021" lon="76.8802597"/>
 <node id="7474288032" visible="true" version="2" changeset="140099836" timestamp="2023-08-19T15:34:55Z" user="Dinsh" uid="10923610" lat="8.5398495" lon="76.8802222"/>
 <node id="7474288033" visible="true" version="2" changeset="140099836" timestamp="2023-08-19T15:34:55Z" user="Dinsh" uid="10923610" lat="8.5399365" lon="76.8800777"/>
 <node id="7474288034" visible="true" version="2" changeset="140099836" timestamp="2023-08-19T15:34:55Z" user="Dinsh" uid="10923610" lat="8.5399605" lon="76.8801903"/>
 <node id="7474288035" visible="true" version="2" changeset="140099836" timestamp="2023-08-19T15:34:55Z" user="Dinsh" uid="10923610" lat="8.5400768" lon="76.8801650"/>
 <node id="7474288036" visible="true" version="2" changeset="140099836" timestamp="2023-08-19T15:34:55Z" user="Dinsh" uid="10923610" lat="8.5400529" lon="76.8800524"/>
 <node id="7474288037" visible="true" version="2" changeset="140099836" timestamp="2023-08-19T15:34:55Z" user="Dinsh" uid="10923610" lat="8.5395906" lon="76.8795628"/>
 <node id="7474288038" visible="true" version="2" changeset="140099836" timestamp="2023-08-19T15:34:55Z" user="Dinsh" uid="10923610" lat="8.5396082" lon="76.8796485"/>
 <node id="7474288039" visible="true" version="2" changeset="140099836" timestamp="2023-08-19T15:34:55Z" user="Dinsh" uid="10923610" lat="8.5397931" lon="76.8796097"/>
 <node id="7474288040" visible="true" version="2" changeset="140099836" timestamp="2023-08-19T15:34:55Z" user="Dinsh" uid="10923610" lat="8.5397755" lon="76.8795240"/>
 <node id="7490154869" visible="true" version="2" changeset="140099836" timestamp="2023-08-19T15:34:55Z" user="Dinsh" uid="10923610" lat="8.5403465" lon="76.8814452"/>
 <node id="7490154870" visible="true" version="2" changeset="140099836" timestamp="2023-08-19T15:34:55Z" user="Dinsh" uid="10923610" lat="8.5401512" lon="76.8814854"/>
 <node id="7490154871" visible="true" version="2" changeset="140099836" timestamp="2023-08-19T15:34:55Z" user="Dinsh" uid="10923610" lat="8.5401936" lon="76.8816957"/>
 <node id="7490154872" visible="true" version="2" changeset="140099836" timestamp="2023-08-19T15:34:55Z" user="Dinsh" uid="10923610" lat="8.5403888" lon="76.8816555"/>
 <node id="7505818539" visible="true" version="1" changeset="85009769" timestamp="2020-05-11T08:21:17Z" user="VLD149" uid="10979429" lat="8.5411067" lon="76.8820043"/>
 <node id="7505818540" visible="true" version="3" changeset="155962454" timestamp="2024-08-30T08:48:23Z" user="Aby VAST" uid="10454653" lat="8.5410935" lon="76.8819229"/>
 <node id="7505818541" visible="true" version="3" changeset="155962454" timestamp="2024-08-30T08:48:23Z" user="Aby VAST" uid="10454653" lat="8.5412126" lon="76.8822210"/>
 <node id="7506459608" visible="true" version="3" changeset="140099836" timestamp="2023-08-19T15:34:55Z" user="Dinsh" uid="10923610" lat="8.5408914" lon="76.8818298"/>
 <node id="7506459609" visible="true" version="3" changeset="140099836" timestamp="2023-08-19T15:34:55Z" user="Dinsh" uid="10923610" lat="8.5407268" lon="76.8818402"/>
 <node id="7506459610" visible="true" version="3" changeset="140099836" timestamp="2023-08-19T15:34:55Z" user="Dinsh" uid="10923610" lat="8.5405381" lon="76.8818700"/>
 <node id="7506459611" visible="true" version="3" changeset="86070201" timestamp="2020-06-02T05:06:58Z" user="VLD149" uid="10979429" lat="8.5397169" lon="76.8820029"/>
 <node id="7506459612" visible="true" version="2" changeset="86062190" timestamp="2020-06-01T20:11:04Z" user="VLD149" uid="10979429" lat="8.5378365" lon="76.8806449"/>
 <node id="7506459613" visible="true" version="2" changeset="86062190" timestamp="2020-06-01T20:11:04Z" user="VLD149" uid="10979429" lat="8.5378299" lon="76.8811852"/>
 <node id="7507256927" visible="true" version="3" changeset="164671504" timestamp="2025-04-08T10:07:35Z" user="nileshbarawkar" uid="16275544" lat="8.5425232" lon="76.8890824"/>
 <node id="7507256937" visible="true" version="2" changeset="86072908" timestamp="2020-06-02T07:23:45Z" user="VLD149" uid="10979429" lat="8.5425034" lon="76.8883366"/>
 <node id="7507256958" visible="true" version="2" changeset="86072908" timestamp="2020-06-02T07:23:45Z" user="VLD149" uid="10979429" lat="8.5426049" lon="76.8896580"/>
 <node id="7507257889" visible="true" version="2" changeset="86076230" timestamp="2020-06-02T09:07:12Z" user="VLD149" uid="10979429" lat="8.5427005" lon="76.8900813"/>
 <node id="7507257892" visible="true" version="1" changeset="85031087" timestamp="2020-05-11T14:35:33Z" user="VLD149" uid="10979429" lat="8.5429343" lon="76.8908687"/>
 <node id="7578691588" visible="true" version="2" changeset="140099836" timestamp="2023-08-19T15:34:55Z" user="Dinsh" uid="10923610" lat="8.5392828" lon="76.8808279"/>
 <node id="7578693100" visible="true" version="1" changeset="86062190" timestamp="2020-06-01T20:11:04Z" user="VLD149" uid="10979429" lat="8.5404818" lon="76.8794128"/>
 <node id="7578693101" visible="true" version="1" changeset="86062190" timestamp="2020-06-01T20:11:04Z" user="VLD149" uid="10979429" lat="8.5404560" lon="76.8793996"/>
 <node id="7578693107" visible="true" version="1" changeset="86062190" timestamp="2020-06-01T20:11:04Z" user="VLD149" uid="10979429" lat="8.5401541" lon="76.8797318"/>
 <node id="7578693108" visible="true" version="1" changeset="86062190" timestamp="2020-06-01T20:11:04Z" user="VLD149" uid="10979429" lat="8.5402152" lon="76.8798950"/>
 <node id="7578693109" visible="true" version="1" changeset="86062190" timestamp="2020-06-01T20:11:04Z" user="VLD149" uid="10979429" lat="8.5403713" lon="76.8803733"/>
 <node id="7578693111" visible="true" version="2" changeset="140096057" timestamp="2023-08-19T13:56:10Z" user="Dinsh" uid="10923610" lat="8.5378354" lon="76.8807390"/>
 <node id="7578693114" visible="true" version="1" changeset="86062190" timestamp="2020-06-01T20:11:04Z" user="VLD149" uid="10979429" lat="8.5405864" lon="76.8804970"/>
 <node id="7578693116" visible="true" version="1" changeset="86062190" timestamp="2020-06-01T20:11:04Z" user="VLD149" uid="10979429" lat="8.5405150" lon="76.8803572"/>
 <node id="7578693117" visible="true" version="1" changeset="86062190" timestamp="2020-06-01T20:11:04Z" user="VLD149" uid="10979429" lat="8.5404212" lon="76.8803576"/>
 <node id="7579374732" visible="true" version="1" changeset="86070201" timestamp="2020-06-02T05:06:58Z" user="VLD149" uid="10979429" lat="8.5421755" lon="76.8844605"/>
 <node id="7579563203" visible="true" version="1" changeset="86072908" timestamp="2020-06-02T07:23:45Z" user="VLD149" uid="10979429" lat="8.5423795" lon="76.8797821"/>
 <node id="7579563210" visible="true" version="1" changeset="86072908" timestamp="2020-06-02T07:23:45Z" user="VLD149" uid="10979429" lat="8.5451120" lon="76.8781694"/>
 <node id="7579563220" visible="true" version="2" changeset="154510982" timestamp="2024-07-28T08:58:41Z" user="sovereign_khoipm" uid="21732267" lat="8.5425868" lon="76.8859449"/>
 <node id="7579563224" visible="true" version="2" changeset="140524582" timestamp="2023-08-29T06:43:49Z" user="olarumankhan" uid="19619725" lat="8.5426721" lon="76.8872816"/>
 <node id="7579751328" visible="true" version="2" changeset="140099836" timestamp="2023-08-19T15:34:55Z" user="Dinsh" uid="10923610" lat="8.5425717" lon="76.8894282"/>
 <node id="7579751333" visible="true" version="1" changeset="86076230" timestamp="2020-06-02T09:07:12Z" user="VLD149" uid="10979429" lat="8.5428036" lon="76.8904764"/>
 <node id="7579751355" visible="true" version="4" changeset="170814648" timestamp="2025-08-22T07:34:57Z" user="sathya sp" uid="17827775" lat="8.5434782" lon="76.8803012"/>
 <node id="7579762204" visible="true" version="2" changeset="170608134" timestamp="2025-08-18T10:21:12Z" user="sathya sp" uid="17827775" lat="8.5496963" lon="76.8808702"/>
 <node id="8348168896" visible="true" version="3" changeset="98276315" timestamp="2021-01-28T07:41:10Z" user="thejasp" uid="12318687" lat="8.5406261" lon="76.8802618">
  <tag k="amenity" v="internet_cafe"/>
  <tag k="name" v="Akshaya Centre, Kulathoor"/>
  <tag k="ref" v="TVM278"/>
 </node>
 <node id="8386747471" visible="true" version="1" changeset="98568263" timestamp="2021-02-02T10:01:34Z" user="SREEPRIYA SIVANANDAN" uid="12002760" lat="8.5444423" lon="76.8821407"/>
 <node id="8386747473" visible="true" version="1" changeset="98568263" timestamp="2021-02-02T10:01:34Z" user="SREEPRIYA SIVANANDAN" uid="12002760" lat="8.5455090" lon="76.8824129"/>
 <node id="8386747478" visible="true" version="3" changeset="170814648" timestamp="2025-08-22T07:34:57Z" user="sathya sp" uid="17827775" lat="8.5413233" lon="76.8819147"/>
 <node id="8386747479" visible="true" version="3" changeset="170814648" timestamp="2025-08-22T07:34:57Z" user="sathya sp" uid="17827775" lat="8.5413823" lon="76.8820806"/>
 <node id="8386747505" visible="true" version="2" changeset="170814648" timestamp="2025-08-22T07:34:57Z" user="sathya sp" uid="17827775" lat="8.5431344" lon="76.8803899"/>
 <node id="8386747506" visible="true" version="2" changeset="170814648" timestamp="2025-08-22T07:34:57Z" user="sathya sp" uid="17827775" lat="8.5429022" lon="76.8805404"/>
 <node id="8386747507" visible="true" version="2" changeset="170814648" timestamp="2025-08-22T07:34:57Z" user="sathya sp" uid="17827775" lat="8.5426169" lon="76.8807837"/>
 <node id="8386747508" visible="true" version="2" changeset="170814648" timestamp="2025-08-22T07:34:57Z" user="sathya sp" uid="17827775" lat="8.5422746" lon="76.8809651"/>
 <node id="8386747509" visible="true" version="2" changeset="170814648" timestamp="2025-08-22T07:34:57Z" user="sathya sp" uid="17827775" lat="8.5420451" lon="76.8810681"/>
 <node id="8386747510" visible="true" version="2" changeset="170814648" timestamp="2025-08-22T07:34:57Z" user="sathya sp" uid="17827775" lat="8.5415869" lon="76.8815639"/>
 <node id="8386747513" visible="true" version="3" changeset="170821994" timestamp="2025-08-22T10:02:47Z" user="sathya sp" uid="17827775" lat="8.5433967" lon="76.8803859"/>
 <node id="10568535430" visible="true" version="4" changeset="155962454" timestamp="2024-08-30T08:48:23Z" user="Aby VAST" uid="10454653" lat="8.5413830" lon="76.8826265"/>
 <node id="10568535446" visible="true" version="1" changeset="131479506" timestamp="2023-01-19T19:15:15Z" user="PlaneMad" uid="1306" lat="8.5401038" lon="76.8795750"/>
 <node id="10568535447" visible="true" version="1" changeset="131479506" timestamp="2023-01-19T19:15:15Z" user="PlaneMad" uid="1306" lat="8.5403481" lon="76.8794128"/>
 <node id="10568535448" visible="true" version="2" changeset="140659803" timestamp="2023-09-01T03:49:11Z" user="subhankara" uid="19574788" lat="8.5402883" lon="76.8790681"/>
 <node id="11128139980" visible="true" version="2" changeset="155962454" timestamp="2024-08-30T08:48:23Z" user="Aby VAST" uid="10454653" lat="8.5413035" lon="76.8824299"/>
 <node id="11128229988" visible="true" version="1" changeset="140099836" timestamp="2023-08-19T15:34:47Z" user="Dinsh" uid="10923610" lat="8.5405724" lon="76.8792569"/>
 <node id="11128276608" visible="true" version="1" changeset="140099836" timestamp="2023-08-19T15:34:48Z" user="Dinsh" uid="10923610" lat="8.5402130" lon="76.8803151"/>
 <node id="11128276641" visible="true" version="2" changeset="140101327" timestamp="2023-08-19T16:12:15Z" user="Dinsh" uid="10923610" lat="8.5405860" lon="76.8798317"/>
 <node id="11128276765" visible="true" version="1" changeset="140099836" timestamp="2023-08-19T15:34:50Z" user="Dinsh" uid="10923610" lat="8.5407527" lon="76.8798765"/>
 <node id="11128276776" visible="true" version="1" changeset="140099836" timestamp="2023-08-19T15:34:50Z" user="Dinsh" uid="10923610" lat="8.5397813" lon="76.8797005"/>
 <node id="11128280316" visible="true" version="1" changeset="140099836" timestamp="2023-08-19T15:34:51Z" user="Dinsh" uid="10923610" lat="8.5413818" lon="76.8822373"/>
 <node id="11128280347" visible="true" version="2" changeset="164669767" timestamp="2025-04-08T09:32:37Z" user="nileshbarawkar" uid="16275544" lat="8.5398154" lon="76.8803898"/>
 <node id="11128280354" visible="true" version="1" changeset="140099836" timestamp="2023-08-19T15:34:51Z" user="Dinsh" uid="10923610" lat="8.5410447" lon="76.8807748"/>
 <node id="11128280388" visible="true" version="1" changeset="140099836" timestamp="2023-08-19T15:34:51Z" user="Dinsh" uid="10923610" lat="8.5408987" lon="76.8796727"/>
 <node id="11128289408" visible="true" version="1" changeset="140099836" timestamp="2023-08-19T15:34:46Z" user="Dinsh" uid="10923610" lat="8.5409681" lon="76.8811047"/>
 <node id="11128289427" visible="true" version="1" changeset="140099836" timestamp="2023-08-19T15:34:46Z" user="Dinsh" uid="10923610" lat="8.5409813" lon="76.8803019"/>
 <node id="11128289435" visible="true" version="1" changeset="140099836" timestamp="2023-08-19T15:34:46Z" user="Dinsh" uid="10923610" lat="8.5402776" lon="76.8810804"/>
 <node id="11128289441" visible="true" version="2" changeset="140101327" timestamp="2023-08-19T16:12:15Z" user="Dinsh" uid="10923610" lat="8.5414343" lon="76.8798978"/>
 <node id="11128289461" visible="true" version="1" changeset="140099836" timestamp="2023-08-19T15:34:46Z" user="Dinsh" uid="10923610" lat="8.5410278" lon="76.8809216"/>
 <node id="11128289546" visible="true" version="1" changeset="140099836" timestamp="2023-08-19T15:34:46Z" user="Dinsh" uid="10923610" lat="8.5400828" lon="76.8812889"/>
 <node id="11128289549" visible="true" version="1" changeset="140099836" timestamp="2023-08-19T15:34:46Z" user="Dinsh" uid="10923610" lat="8.5396692" lon="76.8799295"/>
 <node id="11128289565" visible="true" version="1" changeset="140099836" timestamp="2023-08-19T15:34:46Z" user="Dinsh" uid="10923610" lat="8.5409600" lon="76.8810254"/>
 <node id="11128289580" visible="true" version="1" changeset="140099836" timestamp="2023-08-19T15:34:46Z" user="Dinsh" uid="10923610" lat="8.5401438" lon="76.8812866"/>
 <node id="11128289643" visible="true" version="1" changeset="140099836" timestamp="2023-08-19T15:34:46Z" user="Dinsh" uid="10923610" lat="8.5405133" lon="76.8792875"/>
 <node id="11128289683" visible="true" version="1" changeset="140099836" timestamp="2023-08-19T15:34:46Z" user="Dinsh" uid="10923610" lat="8.5409450" lon="76.8813693"/>
 <node id="11128289696" visible="true" version="2" changeset="164669767" timestamp="2025-04-08T09:32:37Z" user="nileshbarawkar" uid="16275544" lat="8.5398993" lon="76.8805144"/>
 <node id="11128289730" visible="true" version="1" changeset="140099836" timestamp="2023-08-19T15:34:46Z" user="Dinsh" uid="10923610" lat="8.5415059" lon="76.8808774"/>
 <node id="11128289734" visible="true" version="1" changeset="140099836" timestamp="2023-08-19T15:34:46Z" user="Dinsh" uid="10923610" lat="8.5402969" lon="76.8814148"/>
 <node id="11128289783" visible="true" version="1" changeset="140099836" timestamp="2023-08-19T15:34:46Z" user="Dinsh" uid="10923610" lat="8.5399465" lon="76.8797207"/>
 <node id="11128289790" visible="true" version="1" changeset="140099836" timestamp="2023-08-19T15:34:46Z" user="Dinsh" uid="10923610" lat="8.5401486" lon="76.8797821"/>
 <node id="11128289802" visible="true" version="1" changeset="140099836" timestamp="2023-08-19T15:34:46Z" user="Dinsh" uid="10923610" lat="8.5404033" lon="76.8810662"/>
 <node id="11128289850" visible="true" version="1" changeset="140099836" timestamp="2023-08-19T15:34:46Z" user="Dinsh" uid="10923610" lat="8.5397136" lon="76.8796432"/>
 <node id="11128289931" visible="true" version="1" changeset="140099836" timestamp="2023-08-19T15:34:46Z" user="Dinsh" uid="10923610" lat="8.5408883" lon="76.8803348"/>
 <node id="11128289934" visible="true" version="2" changeset="140101327" timestamp="2023-08-19T16:12:15Z" user="Dinsh" uid="10923610" lat="8.5413493" lon="76.8800476"/>
 <node id="11128289938" visible="true" version="2" changeset="164669767" timestamp="2025-04-08T09:32:37Z" user="nileshbarawkar" uid="16275544" lat="8.5398560" lon="76.8805878"/>
 <node id="11128289959" visible="true" version="1" changeset="140099836" timestamp="2023-08-19T15:34:46Z" user="Dinsh" uid="10923610" lat="8.5401870" lon="76.8806202"/>
 <node id="11128290008" visible="true" version="2" changeset="140101327" timestamp="2023-08-19T16:12:15Z" user="Dinsh" uid="10923610" lat="8.5415777" lon="76.8799907"/>
 <node id="11128290009" visible="true" version="1" changeset="140099836" timestamp="2023-08-19T15:34:46Z" user="Dinsh" uid="10923610" lat="8.5405671" lon="76.8815810"/>
 <node id="11128290017" visible="true" version="1" changeset="140099836" timestamp="2023-08-19T15:34:46Z" user="Dinsh" uid="10923610" lat="8.5398617" lon="76.8797179"/>
 <node id="11128290051" visible="true" version="1" changeset="140099836" timestamp="2023-08-19T15:34:46Z" user="Dinsh" uid="10923610" lat="8.5398067" lon="76.8796999"/>
 <node id="11128290069" visible="true" version="2" changeset="155962454" timestamp="2024-08-30T08:48:23Z" user="Aby VAST" uid="10454653" lat="8.5410810" lon="76.8821216"/>
 <node id="11128290070" visible="true" version="1" changeset="140099836" timestamp="2023-08-19T15:34:46Z" user="Dinsh" uid="10923610" lat="8.5401459" lon="76.8813456"/>
 <node id="11128290087" visible="true" version="1" changeset="140099836" timestamp="2023-08-19T15:34:46Z" user="Dinsh" uid="10923610" lat="8.5399219" lon="76.8822840"/>
 <node id="11128290122" visible="true" version="1" changeset="140099836" timestamp="2023-08-19T15:34:46Z" user="Dinsh" uid="10923610" lat="8.5408920" lon="76.8803454"/>
 <node id="11128290127" visible="true" version="1" changeset="140099836" timestamp="2023-08-19T15:34:46Z" user="Dinsh" uid="10923610" lat="8.5400730" lon="76.8798561"/>
 <node id="11128290151" visible="true" version="1" changeset="140099836" timestamp="2023-08-19T15:34:46Z" user="Dinsh" uid="10923610" lat="8.5398329" lon="76.8798697"/>
 <node id="11128290161" visible="true" version="2" changeset="164669767" timestamp="2025-04-08T09:32:37Z" user="nileshbarawkar" uid="16275544" lat="8.5397542" lon="76.8806092"/>
 <node id="11128290219" visible="true" version="2" changeset="140101327" timestamp="2023-08-19T16:12:15Z" user="Dinsh" uid="10923610" lat="8.5414516" lon="76.8800242"/>
 <node id="11128290306" visible="true" version="1" changeset="140099836" timestamp="2023-08-19T15:34:47Z" user="Dinsh" uid="10923610" lat="8.5407471" lon="76.8798153"/>
 <node id="11128290385" visible="true" version="1" changeset="140099836" timestamp="2023-08-19T15:34:47Z" user="Dinsh" uid="10923610" lat="8.5400063" lon="76.8813381"/>
 <node id="11128290394" visible="true" version="1" changeset="140099836" timestamp="2023-08-19T15:34:47Z" user="Dinsh" uid="10923610" lat="8.5397188" lon="76.8793223"/>
 <node id="11128290445" visible="true" version="2" changeset="140101327" timestamp="2023-08-19T16:12:15Z" user="Dinsh" uid="10923610" lat="8.5407469" lon="76.8796812"/>
 <node id="11128290476" visible="true" version="1" changeset="140099836" timestamp="2023-08-19T15:34:47Z" user="Dinsh" uid="10923610" lat="8.5397536" lon="76.8798220"/>
 <node id="11128290479" visible="true" version="2" changeset="164669767" timestamp="2025-04-08T09:32:37Z" user="nileshbarawkar" uid="16275544" lat="8.5398286" lon="76.8804541"/>
 <node id="11128290496" visible="true" version="1" changeset="140099836" timestamp="2023-08-19T15:34:47Z" user="Dinsh" uid="10923610" lat="8.5402105" lon="76.8792206"/>
 <node id="11128290539" visible="true" version="2" changeset="140101327" timestamp="2023-08-19T16:12:15Z" user="Dinsh" uid="10923610" lat="8.5408073" lon="76.8796075"/>
 <node id="11128290547" visible="true" version="1" changeset="140099836" timestamp="2023-08-19T15:34:47Z" user="Dinsh" uid="10923610" lat="8.5409345" lon="76.8814583"/>
 <node id="11128290563" visible="true" version="1" changeset="140099836" timestamp="2023-08-19T15:34:47Z" user="Dinsh" uid="10923610" lat="8.5397599" lon="76.8799630"/>
 <node id="11128290604" visible="true" version="1" changeset="140099836" timestamp="2023-08-19T15:34:47Z" user="Dinsh" uid="10923610" lat="8.5400651" lon="76.8815396"/>
 <node id="11128290636" visible="true" version="2" changeset="164669767" timestamp="2025-04-08T09:32:37Z" user="nileshbarawkar" uid="16275544" lat="8.5398713" lon="76.8803781"/>
 <node id="11128290662" visible="true" version="1" changeset="140099836" timestamp="2023-08-19T15:34:47Z" user="Dinsh" uid="10923610" lat="8.5401966" lon="76.8806461"/>
 <node id="11128290678" visible="true" version="1" changeset="140099836" timestamp="2023-08-19T15:34:47Z" user="Dinsh" uid="10923610" lat="8.5400522" lon="76.8799232"/>
 <node id="11128290807" visible="true" version="1" changeset="140099836" timestamp="2023-08-19T15:34:47Z" user="Dinsh" uid="10923610" lat="8.5415552" lon="76.8809461"/>
 <node id="11128290819" visible="true" version="1" changeset="140099836" timestamp="2023-08-19T15:34:47Z" user="Dinsh" uid="10923610" lat="8.5404203" lon="76.8810048"/>
 <node id="11128290830" visible="true" version="2" changeset="140101327" timestamp="2023-08-19T16:12:15Z" user="Dinsh" uid="10923610" lat="8.5407373" lon="76.8796183"/>
 <node id="11128290901" visible="true" version="1" changeset="140099836" timestamp="2023-08-19T15:34:47Z" user="Dinsh" uid="10923610" lat="8.5410533" lon="76.8810500"/>
 <node id="11128290923" visible="true" version="1" changeset="140099836" timestamp="2023-08-19T15:34:47Z" user="Dinsh" uid="10923610" lat="8.5409990" lon="76.8803531"/>
 <node id="11128290928" visible="true" version="1" changeset="140099836" timestamp="2023-08-19T15:34:47Z" user="Dinsh" uid="10923610" lat="8.5409109" lon="76.8813797"/>
 <node id="11128290944" visible="true" version="1" changeset="140099836" timestamp="2023-08-19T15:34:47Z" user="Dinsh" uid="10923610" lat="8.5402387" lon="76.8804141"/>
 <node id="11128290954" visible="true" version="1" changeset="140099836" timestamp="2023-08-19T15:34:47Z" user="Dinsh" uid="10923610" lat="8.5410555" lon="76.8811009"/>
 <node id="11128290974" visible="true" version="2" changeset="140101327" timestamp="2023-08-19T16:12:15Z" user="Dinsh" uid="10923610" lat="8.5415597" lon="76.8799290"/>
 <node id="11128290976" visible="true" version="1" changeset="140099836" timestamp="2023-08-19T15:34:47Z" user="Dinsh" uid="10923610" lat="8.5398302" lon="76.8823918"/>
 <node id="11128290991" visible="true" version="1" changeset="140099836" timestamp="2023-08-19T15:34:47Z" user="Dinsh" uid="10923610" lat="8.5398716" lon="76.8801126"/>
 <node id="11128291003" visible="true" version="2" changeset="155962454" timestamp="2024-08-30T08:48:23Z" user="Aby VAST" uid="10454653" lat="8.5410340" lon="76.8821386"/>
 <node id="11128291066" visible="true" version="1" changeset="140099836" timestamp="2023-08-19T15:34:47Z" user="Dinsh" uid="10923610" lat="8.5410247" lon="76.8810273"/>
 <node id="11128291106" visible="true" version="2" changeset="155962454" timestamp="2024-08-30T08:48:23Z" user="Aby VAST" uid="10454653" lat="8.5410138" lon="76.8820815"/>
 <node id="11128291174" visible="true" version="1" changeset="140099836" timestamp="2023-08-19T15:34:47Z" user="Dinsh" uid="10923610" lat="8.5405685" lon="76.8816495"/>
 <node id="11128291215" visible="true" version="2" changeset="140101327" timestamp="2023-08-19T16:12:15Z" user="Dinsh" uid="10923610" lat="8.5414053" lon="76.8797818"/>
 <node id="11128291254" visible="true" version="1" changeset="140099836" timestamp="2023-08-19T15:34:47Z" user="Dinsh" uid="10923610" lat="8.5409631" lon="76.8809197"/>
 <node id="11128291309" visible="true" version="1" changeset="140099836" timestamp="2023-08-19T15:34:48Z" user="Dinsh" uid="10923610" lat="8.5399185" lon="76.8815455"/>
 <node id="11128291322" visible="true" version="1" changeset="140099836" timestamp="2023-08-19T15:34:48Z" user="Dinsh" uid="10923610" lat="8.5413050" lon="76.8822519"/>
 <node id="11128291334" visible="true" version="1" changeset="140099836" timestamp="2023-08-19T15:34:48Z" user="Dinsh" uid="10923610" lat="8.5415520" lon="76.8808753"/>
 <node id="11128291400" visible="true" version="1" changeset="140099836" timestamp="2023-08-19T15:34:48Z" user="Dinsh" uid="10923610" lat="8.5406258" lon="76.8791898"/>
 <node id="11128291412" visible="true" version="1" changeset="140099836" timestamp="2023-08-19T15:34:48Z" user="Dinsh" uid="10923610" lat="8.5402068" lon="76.8814116"/>
 <node id="11128291418" visible="true" version="1" changeset="140099836" timestamp="2023-08-19T15:34:48Z" user="Dinsh" uid="10923610" lat="8.5411353" lon="76.8809424"/>
 <node id="11128291423" visible="true" version="2" changeset="140101327" timestamp="2023-08-19T16:12:16Z" user="Dinsh" uid="10923610" lat="8.5414680" lon="76.8799565"/>
 <node id="11128291424" visible="true" version="1" changeset="140099836" timestamp="2023-08-19T15:34:48Z" user="Dinsh" uid="10923610" lat="8.5414047" lon="76.8823605"/>
 <node id="11128291462" visible="true" version="1" changeset="140099836" timestamp="2023-08-19T15:34:48Z" user="Dinsh" uid="10923610" lat="8.5400629" lon="76.8805598"/>
 <node id="11128291483" visible="true" version="1" changeset="140099836" timestamp="2023-08-19T15:34:48Z" user="Dinsh" uid="10923610" lat="8.5408462" lon="76.8798677"/>
 <node id="11128291494" visible="true" version="2" changeset="164669767" timestamp="2025-04-08T09:32:37Z" user="nileshbarawkar" uid="16275544" lat="8.5398433" lon="76.8805261"/>
 <node id="11128291504" visible="true" version="1" changeset="140099836" timestamp="2023-08-19T15:34:48Z" user="Dinsh" uid="10923610" lat="8.5402118" lon="76.8793547"/>
 <node id="11128291513" visible="true" version="2" changeset="140101327" timestamp="2023-08-19T16:12:16Z" user="Dinsh" uid="10923610" lat="8.5408168" lon="76.8796704"/>
 <node id="11128291523" visible="true" version="1" changeset="140099836" timestamp="2023-08-19T15:34:48Z" user="Dinsh" uid="10923610" lat="8.5404949" lon="76.8809521"/>
 <node id="11128291527" visible="true" version="1" changeset="140099836" timestamp="2023-08-19T15:34:48Z" user="Dinsh" uid="10923610" lat="8.5401896" lon="76.8805120"/>
 <node id="11128291572" visible="true" version="1" changeset="140099836" timestamp="2023-08-19T15:34:48Z" user="Dinsh" uid="10923610" lat="8.5399617" lon="76.8813332"/>
 <node id="11128291575" visible="true" version="1" changeset="140099836" timestamp="2023-08-19T15:34:48Z" user="Dinsh" uid="10923610" lat="8.5397764" lon="76.8801170"/>
 <node id="11128291588" visible="true" version="1" changeset="140099836" timestamp="2023-08-19T15:34:48Z" user="Dinsh" uid="10923610" lat="8.5410494" lon="76.8809450"/>
 <node id="11128291612" visible="true" version="1" changeset="140099836" timestamp="2023-08-19T15:34:48Z" user="Dinsh" uid="10923610" lat="8.5405160" lon="76.8791868"/>
 <node id="11128291629" visible="true" version="1" changeset="140099836" timestamp="2023-08-19T15:34:48Z" user="Dinsh" uid="10923610" lat="8.5396556" lon="76.8798368"/>
 <node id="11128291674" visible="true" version="1" changeset="140099836" timestamp="2023-08-19T15:34:48Z" user="Dinsh" uid="10923610" lat="8.5411571" lon="76.8807723"/>
 <node id="11128291721" visible="true" version="1" changeset="140099836" timestamp="2023-08-19T15:34:48Z" user="Dinsh" uid="10923610" lat="8.5408392" lon="76.8797911"/>
 <node id="11128291724" visible="true" version="1" changeset="140099836" timestamp="2023-08-19T15:34:48Z" user="Dinsh" uid="10923610" lat="8.5397622" lon="76.8798803"/>
 <node id="11128291756" visible="true" version="1" changeset="140099836" timestamp="2023-08-19T15:34:48Z" user="Dinsh" uid="10923610" lat="8.5400976" lon="76.8806539"/>
 <node id="11128291794" visible="true" version="1" changeset="140099836" timestamp="2023-08-19T15:34:48Z" user="Dinsh" uid="10923610" lat="8.5396400" lon="76.8794202"/>
 <node id="11128291801" visible="true" version="1" changeset="140099836" timestamp="2023-08-19T15:34:48Z" user="Dinsh" uid="10923610" lat="8.5415091" lon="76.8809482"/>
 <node id="11128291863" visible="true" version="2" changeset="140101327" timestamp="2023-08-19T16:12:16Z" user="Dinsh" uid="10923610" lat="8.5404121" lon="76.8798078"/>
 <node id="11128291871" visible="true" version="1" changeset="140099836" timestamp="2023-08-19T15:34:48Z" user="Dinsh" uid="10923610" lat="8.5404132" lon="76.8811563"/>
 <node id="11128291903" visible="true" version="1" changeset="140099836" timestamp="2023-08-19T15:34:48Z" user="Dinsh" uid="10923610" lat="8.5411376" lon="76.8810228"/>
 <node id="11128291929" visible="true" version="1" changeset="140099836" timestamp="2023-08-19T15:34:48Z" user="Dinsh" uid="10923610" lat="8.5409244" lon="76.8797674"/>
 <node id="11128291940" visible="true" version="2" changeset="164669767" timestamp="2025-04-08T09:32:37Z" user="nileshbarawkar" uid="16275544" lat="8.5397268" lon="76.8804754"/>
 <node id="11128291948" visible="true" version="1" changeset="140099836" timestamp="2023-08-19T15:34:48Z" user="Dinsh" uid="10923610" lat="8.5399837" lon="76.8804493"/>
 <node id="11128291962" visible="true" version="1" changeset="140099836" timestamp="2023-08-19T15:34:48Z" user="Dinsh" uid="10923610" lat="8.5409659" lon="76.8810538"/>
 <node id="11128291966" visible="true" version="1" changeset="140099836" timestamp="2023-08-19T15:34:48Z" user="Dinsh" uid="10923610" lat="8.5409078" lon="76.8803854"/>
 <node id="11128291985" visible="true" version="1" changeset="140099836" timestamp="2023-08-19T15:34:48Z" user="Dinsh" uid="10923610" lat="8.5398052" lon="76.8796409"/>
 <node id="11128291995" visible="true" version="1" changeset="140099836" timestamp="2023-08-19T15:34:48Z" user="Dinsh" uid="10923610" lat="8.5402875" lon="76.8811705"/>
 <node id="11128292021" visible="true" version="1" changeset="140099836" timestamp="2023-08-19T15:34:48Z" user="Dinsh" uid="10923610" lat="8.5400798" lon="76.8804682"/>
 <node id="11128292030" visible="true" version="1" changeset="140099836" timestamp="2023-08-19T15:34:48Z" user="Dinsh" uid="10923610" lat="8.5400014" lon="76.8813831"/>
 <node id="11128292047" visible="true" version="1" changeset="140099836" timestamp="2023-08-19T15:34:48Z" user="Dinsh" uid="10923610" lat="8.5398646" lon="76.8796294"/>
 <node id="11128292048" visible="true" version="1" changeset="140099836" timestamp="2023-08-19T15:34:48Z" user="Dinsh" uid="10923610" lat="8.5401692" lon="76.8804325"/>
 <node id="11128292074" visible="true" version="1" changeset="140099836" timestamp="2023-08-19T15:34:48Z" user="Dinsh" uid="10923610" lat="8.5402339" lon="76.8806321"/>
 <node id="11128292079" visible="true" version="1" changeset="140099836" timestamp="2023-08-19T15:34:48Z" user="Dinsh" uid="10923610" lat="8.5402835" lon="76.8793539"/>
 <node id="11128292082" visible="true" version="1" changeset="140099836" timestamp="2023-08-19T15:34:48Z" user="Dinsh" uid="10923610" lat="8.5404717" lon="76.8815829"/>
 <node id="11128292084" visible="true" version="1" changeset="140099836" timestamp="2023-08-19T15:34:48Z" user="Dinsh" uid="10923610" lat="8.5399162" lon="76.8814866"/>
 <node id="11128292109" visible="true" version="1" changeset="140099836" timestamp="2023-08-19T15:34:48Z" user="Dinsh" uid="10923610" lat="8.5402538" lon="76.8803043"/>
 <node id="11128292130" visible="true" version="1" changeset="140099836" timestamp="2023-08-19T15:34:48Z" user="Dinsh" uid="10923610" lat="8.5400850" lon="76.8813478"/>
 <node id="11128292154" visible="true" version="1" changeset="140099836" timestamp="2023-08-19T15:34:48Z" user="Dinsh" uid="10923610" lat="8.5401645" lon="76.8799088"/>
 <node id="11128292161" visible="true" version="1" changeset="140099836" timestamp="2023-08-19T15:34:48Z" user="Dinsh" uid="10923610" lat="8.5410518" lon="76.8810254"/>
 <node id="11128292178" visible="true" version="1" changeset="140099836" timestamp="2023-08-19T15:34:48Z" user="Dinsh" uid="10923610" lat="8.5402098" lon="76.8813259"/>
 <node id="11128292192" visible="true" version="1" changeset="140099836" timestamp="2023-08-19T15:34:48Z" user="Dinsh" uid="10923610" lat="8.5402821" lon="76.8792198"/>
 <node id="11128292366" visible="true" version="2" changeset="140101327" timestamp="2023-08-19T16:12:16Z" user="Dinsh" uid="10923610" lat="8.5414861" lon="76.8800181"/>
 <node id="11128292367" visible="true" version="2" changeset="140101327" timestamp="2023-08-19T16:12:16Z" user="Dinsh" uid="10923610" lat="8.5413374" lon="76.8799940"/>
 <node id="11128292396" visible="true" version="1" changeset="140099836" timestamp="2023-08-19T15:34:50Z" user="Dinsh" uid="10923610" lat="8.5398266" lon="76.8822873"/>
 <node id="11128292405" visible="true" version="1" changeset="140099836" timestamp="2023-08-19T15:34:50Z" user="Dinsh" uid="10923610" lat="8.5400650" lon="76.8797928"/>
 <node id="11128292464" visible="true" version="2" changeset="140101327" timestamp="2023-08-19T16:12:16Z" user="Dinsh" uid="10923610" lat="8.5414397" lon="76.8799706"/>
 <node id="11128292516" visible="true" version="1" changeset="140099836" timestamp="2023-08-19T15:34:50Z" user="Dinsh" uid="10923610" lat="8.5408134" lon="76.8796964"/>
 <node id="11128292553" visible="true" version="2" changeset="155962454" timestamp="2024-08-30T08:48:23Z" user="Aby VAST" uid="10454653" lat="8.5410608" lon="76.8820645"/>
 <node id="11128292561" visible="true" version="1" changeset="140099836" timestamp="2023-08-19T15:34:50Z" user="Dinsh" uid="10923610" lat="8.5413279" lon="76.8823751"/>
 <node id="11128292600" visible="true" version="1" changeset="140099836" timestamp="2023-08-19T15:34:50Z" user="Dinsh" uid="10923610" lat="8.5400074" lon="76.8805016"/>
 <node id="11128292618" visible="true" version="2" changeset="140101327" timestamp="2023-08-19T16:12:16Z" user="Dinsh" uid="10923610" lat="8.5404314" lon="76.8798762"/>
 <node id="11128292634" visible="true" version="1" changeset="140099836" timestamp="2023-08-19T15:34:50Z" user="Dinsh" uid="10923610" lat="8.5397289" lon="76.8794097"/>
 <node id="11128292646" visible="true" version="1" changeset="140099836" timestamp="2023-08-19T15:34:50Z" user="Dinsh" uid="10923610" lat="8.5400443" lon="76.8798598"/>
 <node id="11128292841" visible="true" version="1" changeset="140099836" timestamp="2023-08-19T15:34:50Z" user="Dinsh" uid="10923610" lat="8.5409685" lon="76.8814479"/>
 <node id="11128292899" visible="true" version="1" changeset="140099836" timestamp="2023-08-19T15:34:50Z" user="Dinsh" uid="10923610" lat="8.5408938" lon="76.8803448"/>
 <node id="11128292920" visible="true" version="1" changeset="140099836" timestamp="2023-08-19T15:34:50Z" user="Dinsh" uid="10923610" lat="8.5401100" lon="76.8802040"/>
 <node id="11128292935" visible="true" version="1" changeset="140099836" timestamp="2023-08-19T15:34:50Z" user="Dinsh" uid="10923610" lat="8.5396298" lon="76.8793329"/>
 <node id="11128292963" visible="true" version="1" changeset="140099836" timestamp="2023-08-19T15:34:50Z" user="Dinsh" uid="10923610" lat="8.5415257" lon="76.8797511"/>
 <node id="11128292971" visible="true" version="1" changeset="140099836" timestamp="2023-08-19T15:34:50Z" user="Dinsh" uid="10923610" lat="8.5397531" lon="76.8799169"/>
 <node id="11128292978" visible="true" version="1" changeset="140099836" timestamp="2023-08-19T15:34:50Z" user="Dinsh" uid="10923610" lat="8.5406240" lon="76.8792583"/>
 <node id="11128293001" visible="true" version="1" changeset="140099836" timestamp="2023-08-19T15:34:50Z" user="Dinsh" uid="10923610" lat="8.5404181" lon="76.8809555"/>
 <node id="11128293030" visible="true" version="1" changeset="140099836" timestamp="2023-08-19T15:34:50Z" user="Dinsh" uid="10923610" lat="8.5397734" lon="76.8800501"/>
 <node id="11128293045" visible="true" version="1" changeset="140099836" timestamp="2023-08-19T15:34:50Z" user="Dinsh" uid="10923610" lat="8.5415546" lon="76.8798671"/>
 <node id="11128293095" visible="true" version="1" changeset="140099836" timestamp="2023-08-19T15:34:50Z" user="Dinsh" uid="10923610" lat="8.5400628" lon="76.8814807"/>
 <node id="11128293135" visible="true" version="1" changeset="140099836" timestamp="2023-08-19T15:34:50Z" user="Dinsh" uid="10923610" lat="8.5410785" lon="76.8808257"/>
 <node id="11128293160" visible="true" version="1" changeset="140099836" timestamp="2023-08-19T15:34:50Z" user="Dinsh" uid="10923610" lat="8.5397831" lon="76.8797729"/>
 <node id="11128293163" visible="true" version="2" changeset="140101327" timestamp="2023-08-19T16:12:16Z" user="Dinsh" uid="10923610" lat="8.5405667" lon="76.8797633"/>
 <node id="11128293306" visible="true" version="1" changeset="140099836" timestamp="2023-08-19T15:34:51Z" user="Dinsh" uid="10923610" lat="8.5397168" lon="76.8797746"/>
 <node id="11128293326" visible="true" version="1" changeset="140099836" timestamp="2023-08-19T15:34:51Z" user="Dinsh" uid="10923610" lat="8.5404731" lon="76.8816515"/>
 <node id="11128293367" visible="true" version="1" changeset="140099836" timestamp="2023-08-19T15:34:51Z" user="Dinsh" uid="10923610" lat="8.5402202" lon="76.8801749"/>
 <node id="11128293376" visible="true" version="1" changeset="140099836" timestamp="2023-08-19T15:34:51Z" user="Dinsh" uid="10923610" lat="8.5408406" lon="76.8798066"/>
 <node id="11128293377" visible="true" version="1" changeset="140099836" timestamp="2023-08-19T15:34:51Z" user="Dinsh" uid="10923610" lat="8.5398686" lon="76.8800457"/>
 <node id="11128293489" visible="true" version="1" changeset="140099836" timestamp="2023-08-19T15:34:51Z" user="Dinsh" uid="10923610" lat="8.5399494" lon="76.8796322"/>
 <node id="11128293547" visible="true" version="1" changeset="140099836" timestamp="2023-08-19T15:34:51Z" user="Dinsh" uid="10923610" lat="8.5399569" lon="76.8813782"/>
 <node id="11128293576" visible="true" version="1" changeset="140099836" timestamp="2023-08-19T15:34:51Z" user="Dinsh" uid="10923610" lat="8.5399256" lon="76.8823885"/>
 <node id="11128293598" visible="true" version="1" changeset="140099836" timestamp="2023-08-19T15:34:51Z" user="Dinsh" uid="10923610" lat="8.5405716" lon="76.8792891"/>
 <node id="11128293631" visible="true" version="1" changeset="140099836" timestamp="2023-08-19T15:34:51Z" user="Dinsh" uid="10923610" lat="8.5411232" lon="76.8807214"/>
 <node id="11128293633" visible="true" version="1" changeset="140099836" timestamp="2023-08-19T15:34:51Z" user="Dinsh" uid="10923610" lat="8.5400561" lon="76.8804159"/>
 <node id="11128293670" visible="true" version="1" changeset="140099836" timestamp="2023-08-19T15:34:51Z" user="Dinsh" uid="10923610" lat="8.5404970" lon="76.8810014"/>
 <node id="11128293688" visible="true" version="1" changeset="140099836" timestamp="2023-08-19T15:34:51Z" user="Dinsh" uid="10923610" lat="8.5398448" lon="76.8799502"/>
 <node id="11128293726" visible="true" version="1" changeset="140099836" timestamp="2023-08-19T15:34:51Z" user="Dinsh" uid="10923610" lat="8.5402999" lon="76.8813291"/>
 <node id="11128323891" visible="true" version="1" changeset="140101327" timestamp="2023-08-19T16:12:12Z" user="Dinsh" uid="10923610" lat="8.5413174" lon="76.8795193"/>
 <node id="11128329741" visible="true" version="1" changeset="140101327" timestamp="2023-08-19T16:12:09Z" user="Dinsh" uid="10923610" lat="8.5414616" lon="76.8802413"/>
 <node id="11128329770" visible="true" version="1" changeset="140101327" timestamp="2023-08-19T16:12:09Z" user="Dinsh" uid="10923610" lat="8.5416195" lon="76.8803135"/>
 <node id="11128330899" visible="true" version="1" changeset="140101327" timestamp="2023-08-19T16:12:11Z" user="Dinsh" uid="10923610" lat="8.5403483" lon="76.8792662"/>
 <node id="11128337182" visible="true" version="1" changeset="140101428" timestamp="2023-08-19T16:14:11Z" user="Dinsh" uid="10923610" lat="8.5413360" lon="76.8805059"/>
 <node id="11128337203" visible="true" version="1" changeset="140101428" timestamp="2023-08-19T16:14:11Z" user="Dinsh" uid="10923610" lat="8.5400359" lon="76.8809526"/>
 <node id="11128341354" visible="true" version="1" changeset="140101327" timestamp="2023-08-19T16:12:13Z" user="Dinsh" uid="10923610" lat="8.5403328" lon="76.8795912"/>
 <node id="11128341356" visible="true" version="1" changeset="140101327" timestamp="2023-08-19T16:12:13Z" user="Dinsh" uid="10923610" lat="8.5401905" lon="76.8809904"/>
 <node id="11128341396" visible="true" version="1" changeset="140101327" timestamp="2023-08-19T16:12:13Z" user="Dinsh" uid="10923610" lat="8.5404991" lon="76.8791490"/>
 <node id="11128342723" visible="true" version="1" changeset="140101327" timestamp="2023-08-19T16:12:08Z" user="Dinsh" uid="10923610" lat="8.5415262" lon="76.8796742"/>
 <node id="11128342725" visible="true" version="1" changeset="140101327" timestamp="2023-08-19T16:12:08Z" user="Dinsh" uid="10923610" lat="8.5406648" lon="76.8799250"/>
 <node id="11128342798" visible="true" version="1" changeset="140101327" timestamp="2023-08-19T16:12:08Z" user="Dinsh" uid="10923610" lat="8.5411704" lon="76.8793217"/>
 <node id="11128344705" visible="true" version="1" changeset="140101327" timestamp="2023-08-19T16:12:08Z" user="Dinsh" uid="10923610" lat="8.5411804" lon="76.8803902"/>
 <node id="11128344709" visible="true" version="1" changeset="140101327" timestamp="2023-08-19T16:12:08Z" user="Dinsh" uid="10923610" lat="8.5410901" lon="76.8807210"/>
 <node id="11128344742" visible="true" version="1" changeset="140101327" timestamp="2023-08-19T16:12:08Z" user="Dinsh" uid="10923610" lat="8.5402009" lon="76.8797373"/>
 <node id="11128344755" visible="true" version="1" changeset="140101327" timestamp="2023-08-19T16:12:08Z" user="Dinsh" uid="10923610" lat="8.5401572" lon="76.8817501"/>
 <node id="11128344814" visible="true" version="1" changeset="140101327" timestamp="2023-08-19T16:12:08Z" user="Dinsh" uid="10923610" lat="8.5408959" lon="76.8791902"/>
 <node id="11128344839" visible="true" version="1" changeset="140101327" timestamp="2023-08-19T16:12:08Z" user="Dinsh" uid="10923610" lat="8.5402848" lon="76.8801489"/>
 <node id="11128344880" visible="true" version="1" changeset="140101327" timestamp="2023-08-19T16:12:08Z" user="Dinsh" uid="10923610" lat="8.5415011" lon="76.8795236"/>
 <node id="11128344920" visible="true" version="1" changeset="140101327" timestamp="2023-08-19T16:12:08Z" user="Dinsh" uid="10923610" lat="8.5404643" lon="76.8801748"/>
 <node id="11128344932" visible="true" version="1" changeset="140101327" timestamp="2023-08-19T16:12:08Z" user="Dinsh" uid="10923610" lat="8.5415071" lon="76.8795003"/>
 <node id="11128344977" visible="true" version="1" changeset="140101327" timestamp="2023-08-19T16:12:08Z" user="Dinsh" uid="10923610" lat="8.5415834" lon="76.8794318"/>
 <node id="11128345025" visible="true" version="1" changeset="140101327" timestamp="2023-08-19T16:12:08Z" user="Dinsh" uid="10923610" lat="8.5402648" lon="76.8803171"/>
 <node id="11128345150" visible="true" version="1" changeset="140101327" timestamp="2023-08-19T16:12:08Z" user="Dinsh" uid="10923610" lat="8.5406886" lon="76.8797100"/>
 <node id="11128345195" visible="true" version="1" changeset="140101327" timestamp="2023-08-19T16:12:08Z" user="Dinsh" uid="10923610" lat="8.5408121" lon="76.8803846"/>
 <node id="11128345217" visible="true" version="1" changeset="140101327" timestamp="2023-08-19T16:12:08Z" user="Dinsh" uid="10923610" lat="8.5400522" lon="76.8796778"/>
 <node id="11128345238" visible="true" version="1" changeset="140101327" timestamp="2023-08-19T16:12:08Z" user="Dinsh" uid="10923610" lat="8.5404365" lon="76.8796690"/>
 <node id="11128345248" visible="true" version="1" changeset="140101327" timestamp="2023-08-19T16:12:08Z" user="Dinsh" uid="10923610" lat="8.5405860" lon="76.8796575"/>
 <node id="11128345268" visible="true" version="1" changeset="140101327" timestamp="2023-08-19T16:12:08Z" user="Dinsh" uid="10923610" lat="8.5402859" lon="76.8809871"/>
 <node id="11128345306" visible="true" version="1" changeset="140101327" timestamp="2023-08-19T16:12:08Z" user="Dinsh" uid="10923610" lat="8.5415875" lon="76.8802038"/>
 <node id="11128345431" visible="true" version="1" changeset="140101327" timestamp="2023-08-19T16:12:08Z" user="Dinsh" uid="10923610" lat="8.5402361" lon="76.8803183"/>
 <node id="11128345445" visible="true" version="1" changeset="140101327" timestamp="2023-08-19T16:12:08Z" user="Dinsh" uid="10923610" lat="8.5407571" lon="76.8803985"/>
 <node id="11128345451" visible="true" version="1" changeset="140101327" timestamp="2023-08-19T16:12:08Z" user="Dinsh" uid="10923610" lat="8.5403692" lon="76.8792637"/>
 <node id="11128345453" visible="true" version="1" changeset="140101327" timestamp="2023-08-19T16:12:08Z" user="Dinsh" uid="10923610" lat="8.5399486" lon="76.8804617"/>
 <node id="11128345545" visible="true" version="1" changeset="140101327" timestamp="2023-08-19T16:12:08Z" user="Dinsh" uid="10923610" lat="8.5407343" lon="76.8796758"/>
 <node id="11128345765" visible="true" version="1" changeset="140101327" timestamp="2023-08-19T16:12:09Z" user="Dinsh" uid="10923610" lat="8.5406994" lon="76.8793887"/>
 <node id="11128345775" visible="true" version="1" changeset="140101327" timestamp="2023-08-19T16:12:09Z" user="Dinsh" uid="10923610" lat="8.5398008" lon="76.8809850"/>
 <node id="11128345790" visible="true" version="1" changeset="140101327" timestamp="2023-08-19T16:12:09Z" user="Dinsh" uid="10923610" lat="8.5411660" lon="76.8791958"/>
 <node id="11128345876" visible="true" version="1" changeset="140101327" timestamp="2023-08-19T16:12:09Z" user="Dinsh" uid="10923610" lat="8.5412905" lon="76.8791913"/>
 <node id="11128345909" visible="true" version="1" changeset="140101327" timestamp="2023-08-19T16:12:09Z" user="Dinsh" uid="10923610" lat="8.5396413" lon="76.8810783"/>
 <node id="11128345978" visible="true" version="1" changeset="140101327" timestamp="2023-08-19T16:12:09Z" user="Dinsh" uid="10923610" lat="8.5398655" lon="76.8793987"/>
 <node id="11128346101" visible="true" version="1" changeset="140101327" timestamp="2023-08-19T16:12:09Z" user="Dinsh" uid="10923610" lat="8.5401400" lon="76.8804302"/>
 <node id="11128346120" visible="true" version="1" changeset="140101327" timestamp="2023-08-19T16:12:09Z" user="Dinsh" uid="10923610" lat="8.5407858" lon="76.8817325"/>
 <node id="11128346128" visible="true" version="1" changeset="140101327" timestamp="2023-08-19T16:12:09Z" user="Dinsh" uid="10923610" lat="8.5399771" lon="76.8796820"/>
 <node id="11128346132" visible="true" version="1" changeset="140101327" timestamp="2023-08-19T16:12:09Z" user="Dinsh" uid="10923610" lat="8.5411063" lon="76.8791903"/>
 <node id="11128346136" visible="true" version="1" changeset="140101327" timestamp="2023-08-19T16:12:09Z" user="Dinsh" uid="10923610" lat="8.5404080" lon="76.8797936"/>
 <node id="11128346190" visible="true" version="1" changeset="140101327" timestamp="2023-08-19T16:12:09Z" user="Dinsh" uid="10923610" lat="8.5402895" lon="76.8798286"/>
 <node id="11128346271" visible="true" version="1" changeset="140101327" timestamp="2023-08-19T16:12:09Z" user="Dinsh" uid="10923610" lat="8.5407177" lon="76.8794560"/>
 <node id="11128346293" visible="true" version="1" changeset="140101327" timestamp="2023-08-19T16:12:09Z" user="Dinsh" uid="10923610" lat="8.5406969" lon="76.8795903"/>
 <node id="11128346313" visible="true" version="1" changeset="140101327" timestamp="2023-08-19T16:12:09Z" user="Dinsh" uid="10923610" lat="8.5399666" lon="76.8805196"/>
 <node id="11128346319" visible="true" version="1" changeset="140101327" timestamp="2023-08-19T16:12:09Z" user="Dinsh" uid="10923610" lat="8.5408308" lon="76.8804604"/>
 <node id="11128346357" visible="true" version="1" changeset="140101327" timestamp="2023-08-19T16:12:09Z" user="Dinsh" uid="10923610" lat="8.5399730" lon="76.8796087"/>
 <node id="11128346458" visible="true" version="1" changeset="140101327" timestamp="2023-08-19T16:12:09Z" user="Dinsh" uid="10923610" lat="8.5404024" lon="76.8797558"/>
 <node id="11128346476" visible="true" version="1" changeset="140101327" timestamp="2023-08-19T16:12:09Z" user="Dinsh" uid="10923610" lat="8.5400001" lon="76.8805090"/>
 <node id="11128346481" visible="true" version="1" changeset="140101327" timestamp="2023-08-19T16:12:09Z" user="Dinsh" uid="10923610" lat="8.5410033" lon="76.8806981"/>
 <node id="11128346523" visible="true" version="1" changeset="140101327" timestamp="2023-08-19T16:12:09Z" user="Dinsh" uid="10923610" lat="8.5413984" lon="76.8794032"/>
 <node id="11128346539" visible="true" version="1" changeset="140101327" timestamp="2023-08-19T16:12:09Z" user="Dinsh" uid="10923610" lat="8.5399242" lon="76.8803672"/>
 <node id="11128346547" visible="true" version="1" changeset="140101327" timestamp="2023-08-19T16:12:09Z" user="Dinsh" uid="10923610" lat="8.5397400" lon="76.8810640"/>
 <node id="11128346604" visible="true" version="1" changeset="140101327" timestamp="2023-08-19T16:12:09Z" user="Dinsh" uid="10923610" lat="8.5405062" lon="76.8797400"/>
 <node id="11128346714" visible="true" version="1" changeset="140101327" timestamp="2023-08-19T16:12:11Z" user="Dinsh" uid="10923610" lat="8.5402999" lon="76.8800248"/>
 <node id="11128346735" visible="true" version="1" changeset="140101327" timestamp="2023-08-19T16:12:11Z" user="Dinsh" uid="10923610" lat="8.5407759" lon="76.8804743"/>
 <node id="11128346740" visible="true" version="1" changeset="140101327" timestamp="2023-08-19T16:12:11Z" user="Dinsh" uid="10923610" lat="8.5406820" lon="76.8795060"/>
 <node id="11128346746" visible="true" version="1" changeset="140101327" timestamp="2023-08-19T16:12:11Z" user="Dinsh" uid="10923610" lat="8.5401982" lon="76.8798257"/>
 <node id="11128346789" visible="true" version="1" changeset="140101327" timestamp="2023-08-19T16:12:11Z" user="Dinsh" uid="10923610" lat="8.5397440" lon="76.8810540"/>
 <node id="11128346827" visible="true" version="1" changeset="140101327" timestamp="2023-08-19T16:12:11Z" user="Dinsh" uid="10923610" lat="8.5408421" lon="76.8817218"/>
 <node id="11128346846" visible="true" version="1" changeset="140101327" timestamp="2023-08-19T16:12:11Z" user="Dinsh" uid="10923610" lat="8.5411207" lon="76.8792637"/>
 <node id="11128346948" visible="true" version="1" changeset="140101327" timestamp="2023-08-19T16:12:11Z" user="Dinsh" uid="10923610" lat="8.5412539" lon="76.8804175"/>
 <node id="11128347021" visible="true" version="1" changeset="140101327" timestamp="2023-08-19T16:12:11Z" user="Dinsh" uid="10923610" lat="8.5408122" lon="76.8791012"/>
 <node id="11128347074" visible="true" version="1" changeset="140101327" timestamp="2023-08-19T16:12:11Z" user="Dinsh" uid="10923610" lat="8.5407766" lon="76.8816832"/>
 <node id="11128347076" visible="true" version="1" changeset="140101327" timestamp="2023-08-19T16:12:11Z" user="Dinsh" uid="10923610" lat="8.5408793" lon="76.8790898"/>
 <node id="11128347079" visible="true" version="1" changeset="140101327" timestamp="2023-08-19T16:12:11Z" user="Dinsh" uid="10923610" lat="8.5416265" lon="76.8795767"/>
 <node id="11128347086" visible="true" version="1" changeset="140101327" timestamp="2023-08-19T16:12:11Z" user="Dinsh" uid="10923610" lat="8.5412306" lon="76.8803667"/>
 <node id="11128347108" visible="true" version="1" changeset="140101327" timestamp="2023-08-19T16:12:11Z" user="Dinsh" uid="10923610" lat="8.5397848" lon="76.8794554"/>
 <node id="11128347119" visible="true" version="1" changeset="140101327" timestamp="2023-08-19T16:12:11Z" user="Dinsh" uid="10923610" lat="8.5408040" lon="76.8794320"/>
 <node id="11128347249" visible="true" version="1" changeset="140101327" timestamp="2023-08-19T16:12:11Z" user="Dinsh" uid="10923610" lat="8.5396741" lon="76.8809808"/>
 <node id="11128347252" visible="true" version="1" changeset="140101327" timestamp="2023-08-19T16:12:11Z" user="Dinsh" uid="10923610" lat="8.5406836" lon="76.8796870"/>
 <node id="11128347275" visible="true" version="1" changeset="140101327" timestamp="2023-08-19T16:12:11Z" user="Dinsh" uid="10923610" lat="8.5402922" lon="76.8797402"/>
 <node id="11128347300" visible="true" version="1" changeset="140101327" timestamp="2023-08-19T16:12:11Z" user="Dinsh" uid="10923610" lat="8.5415887" lon="76.8794931"/>
 <node id="11128347439" visible="true" version="1" changeset="140101327" timestamp="2023-08-19T16:12:11Z" user="Dinsh" uid="10923610" lat="8.5401677" lon="76.8799962"/>
 <node id="11128347470" visible="true" version="1" changeset="140101327" timestamp="2023-08-19T16:12:11Z" user="Dinsh" uid="10923610" lat="8.5414564" lon="76.8803180"/>
 <node id="11128347485" visible="true" version="1" changeset="140101327" timestamp="2023-08-19T16:12:11Z" user="Dinsh" uid="10923610" lat="8.5406121" lon="76.8796057"/>
 <node id="11128347530" visible="true" version="1" changeset="140101327" timestamp="2023-08-19T16:12:11Z" user="Dinsh" uid="10923610" lat="8.5402303" lon="76.8799760"/>
 <node id="11128347595" visible="true" version="1" changeset="140101327" timestamp="2023-08-19T16:12:11Z" user="Dinsh" uid="10923610" lat="8.5397286" lon="76.8809836"/>
 <node id="11128347615" visible="true" version="1" changeset="140101327" timestamp="2023-08-19T16:12:11Z" user="Dinsh" uid="10923610" lat="8.5415018" lon="76.8794391"/>
 <node id="11128347688" visible="true" version="1" changeset="140101327" timestamp="2023-08-19T16:12:11Z" user="Dinsh" uid="10923610" lat="8.5396284" lon="76.8809874"/>
 <node id="11128347710" visible="true" version="1" changeset="140101327" timestamp="2023-08-19T16:12:12Z" user="Dinsh" uid="10923610" lat="8.5403932" lon="76.8801923"/>
 <node id="11128347713" visible="true" version="1" changeset="140101327" timestamp="2023-08-19T16:12:12Z" user="Dinsh" uid="10923610" lat="8.5415638" lon="76.8802860"/>
 <node id="11128347746" visible="true" version="1" changeset="140101327" timestamp="2023-08-19T16:12:12Z" user="Dinsh" uid="10923610" lat="8.5399626" lon="76.8805267"/>
 <node id="11128347757" visible="true" version="1" changeset="140101327" timestamp="2023-08-19T16:12:12Z" user="Dinsh" uid="10923610" lat="8.5403319" lon="76.8796678"/>
 <node id="11128347783" visible="true" version="1" changeset="140101327" timestamp="2023-08-19T16:12:12Z" user="Dinsh" uid="10923610" lat="8.5402392" lon="76.8803948"/>
 <node id="11128347788" visible="true" version="1" changeset="140101327" timestamp="2023-08-19T16:12:12Z" user="Dinsh" uid="10923610" lat="8.5408330" lon="76.8816726"/>
 <node id="11128347791" visible="true" version="1" changeset="140101327" timestamp="2023-08-19T16:12:12Z" user="Dinsh" uid="10923610" lat="8.5402627" lon="76.8817417"/>
 <node id="11128347811" visible="true" version="1" changeset="140101327" timestamp="2023-08-19T16:12:12Z" user="Dinsh" uid="10923610" lat="8.5407238" lon="76.8796272"/>
 <node id="11128347865" visible="true" version="1" changeset="140101327" timestamp="2023-08-19T16:12:12Z" user="Dinsh" uid="10923610" lat="8.5405566" lon="76.8800812"/>
 <node id="11128347877" visible="true" version="1" changeset="140101327" timestamp="2023-08-19T16:12:12Z" user="Dinsh" uid="10923610" lat="8.5398791" lon="76.8803783"/>
 <node id="11128347955" visible="true" version="1" changeset="140101327" timestamp="2023-08-19T16:12:12Z" user="Dinsh" uid="10923610" lat="8.5410288" lon="76.8792821"/>
 <node id="11128347971" visible="true" version="1" changeset="140101327" timestamp="2023-08-19T16:12:12Z" user="Dinsh" uid="10923610" lat="8.5412036" lon="76.8804410"/>
 <node id="11128348040" visible="true" version="1" changeset="140101327" timestamp="2023-08-19T16:12:12Z" user="Dinsh" uid="10923610" lat="8.5397986" lon="76.8810558"/>
 <node id="11128348073" visible="true" version="1" changeset="140101327" timestamp="2023-08-19T16:12:12Z" user="Dinsh" uid="10923610" lat="8.5406014" lon="76.8797292"/>
 <node id="11128348074" visible="true" version="1" changeset="140101327" timestamp="2023-08-19T16:12:12Z" user="Dinsh" uid="10923610" lat="8.5410179" lon="76.8807443"/>
 <node id="11128348128" visible="true" version="1" changeset="140101327" timestamp="2023-08-19T16:12:12Z" user="Dinsh" uid="10923610" lat="8.5401879" lon="76.8809111"/>
 <node id="11128348135" visible="true" version="1" changeset="140101327" timestamp="2023-08-19T16:12:12Z" user="Dinsh" uid="10923610" lat="8.5403184" lon="76.8801019"/>
 <node id="11128348171" visible="true" version="1" changeset="140101327" timestamp="2023-08-19T16:12:12Z" user="Dinsh" uid="10923610" lat="8.5397462" lon="76.8809832"/>
 <node id="11128348176" visible="true" version="1" changeset="140101327" timestamp="2023-08-19T16:12:12Z" user="Dinsh" uid="10923610" lat="8.5404373" lon="76.8795924"/>
 <node id="11128348194" visible="true" version="1" changeset="140101327" timestamp="2023-08-19T16:12:12Z" user="Dinsh" uid="10923610" lat="8.5400482" lon="76.8796044"/>
 <node id="11128348198" visible="true" version="1" changeset="140101327" timestamp="2023-08-19T16:12:12Z" user="Dinsh" uid="10923610" lat="8.5404211" lon="76.8799950"/>
 <node id="11128348249" visible="true" version="1" changeset="140101327" timestamp="2023-08-19T16:12:12Z" user="Dinsh" uid="10923610" lat="8.5416101" lon="76.8794998"/>
 <node id="11128348250" visible="true" version="1" changeset="140101327" timestamp="2023-08-19T16:12:12Z" user="Dinsh" uid="10923610" lat="8.5399821" lon="76.8804510"/>
 <node id="11128348300" visible="true" version="1" changeset="140101327" timestamp="2023-08-19T16:12:12Z" user="Dinsh" uid="10923610" lat="8.5414011" lon="76.8795173"/>
 <node id="11128348322" visible="true" version="1" changeset="140101327" timestamp="2023-08-19T16:12:12Z" user="Dinsh" uid="10923610" lat="8.5413356" lon="76.8802038"/>
 <node id="11128348360" visible="true" version="1" changeset="140101327" timestamp="2023-08-19T16:12:12Z" user="Dinsh" uid="10923610" lat="8.5410755" lon="76.8806747"/>
 <node id="11128348376" visible="true" version="1" changeset="140101327" timestamp="2023-08-19T16:12:12Z" user="Dinsh" uid="10923610" lat="8.5402679" lon="76.8803936"/>
 <node id="11128348407" visible="true" version="1" changeset="140101327" timestamp="2023-08-19T16:12:12Z" user="Dinsh" uid="10923610" lat="8.5405111" lon="76.8792522"/>
 <node id="11128348439" visible="true" version="1" changeset="140101327" timestamp="2023-08-19T16:12:12Z" user="Dinsh" uid="10923610" lat="8.5405118" lon="76.8797779"/>
 <node id="11128348440" visible="true" version="1" changeset="140101327" timestamp="2023-08-19T16:12:12Z" user="Dinsh" uid="10923610" lat="8.5413147" lon="76.8794053"/>
 <node id="11128348455" visible="true" version="1" changeset="140101327" timestamp="2023-08-19T16:12:12Z" user="Dinsh" uid="10923610" lat="8.5402833" lon="76.8809079"/>
 <node id="11128348458" visible="true" version="1" changeset="140101327" timestamp="2023-08-19T16:12:12Z" user="Dinsh" uid="10923610" lat="8.5414398" lon="76.8802612"/>
 <node id="11128348471" visible="true" version="1" changeset="140101327" timestamp="2023-08-19T16:12:12Z" user="Dinsh" uid="10923610" lat="8.5410144" lon="76.8792087"/>
 <node id="11128348472" visible="true" version="1" changeset="140101327" timestamp="2023-08-19T16:12:12Z" user="Dinsh" uid="10923610" lat="8.5405003" lon="76.8800016"/>
 <node id="11128348509" visible="true" version="1" changeset="140101327" timestamp="2023-08-19T16:12:12Z" user="Dinsh" uid="10923610" lat="8.5415756" lon="76.8803266"/>
 <node id="11128348548" visible="true" version="1" changeset="140101327" timestamp="2023-08-19T16:12:12Z" user="Dinsh" uid="10923610" lat="8.5414415" lon="76.8801722"/>
 <node id="11128348562" visible="true" version="1" changeset="140101327" timestamp="2023-08-19T16:12:12Z" user="Dinsh" uid="10923610" lat="8.5400492" lon="76.8803657"/>
 <node id="11128348585" visible="true" version="1" changeset="140101327" timestamp="2023-08-19T16:12:12Z" user="Dinsh" uid="10923610" lat="8.5405971" lon="76.8795214"/>
 <node id="11128348635" visible="true" version="1" changeset="140101327" timestamp="2023-08-19T16:12:12Z" user="Dinsh" uid="10923610" lat="8.5398711" lon="76.8794448"/>
 <node id="11128348642" visible="true" version="1" changeset="140101327" timestamp="2023-08-19T16:12:12Z" user="Dinsh" uid="10923610" lat="8.5401653" lon="76.8818530"/>
 <node id="11128348650" visible="true" version="1" changeset="140101327" timestamp="2023-08-19T16:12:12Z" user="Dinsh" uid="10923610" lat="8.5415176" lon="76.8796005"/>
 <node id="11128348653" visible="true" version="1" changeset="140101327" timestamp="2023-08-19T16:12:12Z" user="Dinsh" uid="10923610" lat="8.5399175" lon="76.8805378"/>
 <node id="11128348654" visible="true" version="1" changeset="140101327" timestamp="2023-08-19T16:12:12Z" user="Dinsh" uid="10923610" lat="8.5403489" lon="76.8792714"/>
 <node id="11128348679" visible="true" version="1" changeset="140101327" timestamp="2023-08-19T16:12:12Z" user="Dinsh" uid="10923610" lat="8.5413593" lon="76.8802853"/>
 <node id="11128348716" visible="true" version="1" changeset="140101327" timestamp="2023-08-19T16:12:13Z" user="Dinsh" uid="10923610" lat="8.5403685" lon="76.8800896"/>
 <node id="11128348742" visible="true" version="1" changeset="140101327" timestamp="2023-08-19T16:12:13Z" user="Dinsh" uid="10923610" lat="8.5405414" lon="76.8799942"/>
 <node id="11128348771" visible="true" version="1" changeset="140101327" timestamp="2023-08-19T16:12:13Z" user="Dinsh" uid="10923610" lat="8.5412950" lon="76.8793172"/>
 <node id="11128348788" visible="true" version="1" changeset="140101327" timestamp="2023-08-19T16:12:13Z" user="Dinsh" uid="10923610" lat="8.5408288" lon="76.8792015"/>
 <node id="11128348806" visible="true" version="1" changeset="140101327" timestamp="2023-08-19T16:12:13Z" user="Dinsh" uid="10923610" lat="8.5403578" lon="76.8791658"/>
 <node id="11128348808" visible="true" version="1" changeset="140101327" timestamp="2023-08-19T16:12:13Z" user="Dinsh" uid="10923610" lat="8.5402222" lon="76.8801691"/>
 <node id="11128348829" visible="true" version="1" changeset="140101327" timestamp="2023-08-19T16:12:13Z" user="Dinsh" uid="10923610" lat="8.5397793" lon="76.8794093"/>
 <node id="11128348837" visible="true" version="1" changeset="140101327" timestamp="2023-08-19T16:12:13Z" user="Dinsh" uid="10923610" lat="8.5402707" lon="76.8818445"/>
 <node id="11128348840" visible="true" version="1" changeset="140101327" timestamp="2023-08-19T16:12:13Z" user="Dinsh" uid="10923610" lat="8.5405154" lon="76.8800886"/>
 <node id="11128348865" visible="true" version="1" changeset="140101327" timestamp="2023-08-19T16:12:13Z" user="Dinsh" uid="10923610" lat="8.5401032" lon="76.8803425"/>
 <node id="11128348866" visible="true" version="1" changeset="140101327" timestamp="2023-08-19T16:12:13Z" user="Dinsh" uid="10923610" lat="8.5400861" lon="76.8804533"/>
 <node id="11128348898" visible="true" version="1" changeset="140101327" timestamp="2023-08-19T16:12:13Z" user="Dinsh" uid="10923610" lat="8.5407857" lon="76.8793647"/>
 <node id="11128348947" visible="true" version="1" changeset="140101327" timestamp="2023-08-19T16:12:13Z" user="Dinsh" uid="10923610" lat="8.5396756" lon="76.8809913"/>
 <node id="11128351608" visible="true" version="1" changeset="140101428" timestamp="2023-08-19T16:14:11Z" user="Dinsh" uid="10923610" lat="8.5406859" lon="76.8799440"/>
 <node id="11128351634" visible="true" version="1" changeset="140101428" timestamp="2023-08-19T16:14:11Z" user="Dinsh" uid="10923610" lat="8.5406378" lon="76.8799546"/>
 <node id="11128351658" visible="true" version="1" changeset="140101428" timestamp="2023-08-19T16:14:11Z" user="Dinsh" uid="10923610" lat="8.5407121" lon="76.8800658"/>
 <node id="11128351673" visible="true" version="1" changeset="140101428" timestamp="2023-08-19T16:14:11Z" user="Dinsh" uid="10923610" lat="8.5413491" lon="76.8805646"/>
 <node id="11128351680" visible="true" version="1" changeset="140101428" timestamp="2023-08-19T16:14:11Z" user="Dinsh" uid="10923610" lat="8.5412477" lon="76.8805260"/>
 <node id="11128351692" visible="true" version="1" changeset="140101428" timestamp="2023-08-19T16:14:11Z" user="Dinsh" uid="10923610" lat="8.5406640" lon="76.8800764"/>
 <node id="11128351757" visible="true" version="1" changeset="140101428" timestamp="2023-08-19T16:14:11Z" user="Dinsh" uid="10923610" lat="8.5400513" lon="76.8809953"/>
 <node id="11128351798" visible="true" version="1" changeset="140101428" timestamp="2023-08-19T16:14:11Z" user="Dinsh" uid="10923610" lat="8.5401132" lon="76.8809242"/>
 <node id="11128351807" visible="true" version="1" changeset="140101428" timestamp="2023-08-19T16:14:11Z" user="Dinsh" uid="10923610" lat="8.5412608" lon="76.8805847"/>
 <node id="11128351833" visible="true" version="1" changeset="140101428" timestamp="2023-08-19T16:14:11Z" user="Dinsh" uid="10923610" lat="8.5401286" lon="76.8809668"/>
 <node id="11436828099" visible="true" version="1" changeset="145360806" timestamp="2023-12-21T08:41:20Z" user="jayasreemanu" uid="19967237" lat="8.5411928" lon="76.8801504">
  <tag k="addr:city" v="Thiruvananthapuram"/>
  <tag k="addr:district" v="Trivandrum"/>
  <tag k="addr:housenumber" v="Kulathoor"/>
  <tag k="name" v="Harith Karma Sena"/>
  <tag k="office" v="quango"/>
 </node>
 <node id="11436828100" visible="true" version="1" changeset="145360806" timestamp="2023-12-21T08:41:20Z" user="jayasreemanu" uid="19967237" lat="8.5408468" lon="76.8802521">
  <tag k="addr:city" v="Thiruvananthapuram"/>
  <tag k="addr:district" v="Trivandrum"/>
  <tag k="addr:housenumber" v="Maas Vegetables And Fruits Kulathoor Junction"/>
  <tag k="name" v="Maas Vegetables And Fruits"/>
  <tag k="shop" v="greengrocer"/>
 </node>
 <node id="12078084019" visible="true" version="1" changeset="154510982" timestamp="2024-07-28T08:58:41Z" user="sovereign_khoipm" uid="21732267" lat="8.5402554" lon="76.8787872"/>
 <node id="12078084021" visible="true" version="1" changeset="154510982" timestamp="2024-07-28T08:58:41Z" user="sovereign_khoipm" uid="21732267" lat="8.5400604" lon="76.8786459"/>
 <node id="12078084022" visible="true" version="1" changeset="154510982" timestamp="2024-07-28T08:58:41Z" user="sovereign_khoipm" uid="21732267" lat="8.5398837" lon="76.8787379"/>
 <node id="12078084023" visible="true" version="1" changeset="154510982" timestamp="2024-07-28T08:58:41Z" user="sovereign_khoipm" uid="21732267" lat="8.5399446" lon="76.8792832"/>
 <node id="12078084046" visible="true" version="1" changeset="154510982" timestamp="2024-07-28T08:58:41Z" user="sovereign_khoipm" uid="21732267" lat="8.5423381" lon="76.8850073"/>
 <node id="13055812929" visible="true" version="2" changeset="170814648" timestamp="2025-08-22T07:34:57Z" user="sathya sp" uid="17827775" lat="8.5414486" lon="76.8822334"/>
 <node id="13055812930" visible="true" version="2" changeset="170814648" timestamp="2025-08-22T07:34:57Z" user="sathya sp" uid="17827775" lat="8.5416013" lon="76.8823839"/>
 <node id="13055812931" visible="true" version="2" changeset="170814648" timestamp="2025-08-22T07:34:57Z" user="sathya sp" uid="17827775" lat="8.5419682" lon="76.8824348"/>
 <node id="13055812932" visible="true" version="2" changeset="170814648" timestamp="2025-08-22T07:34:57Z" user="sathya sp" uid="17827775" lat="8.5421697" lon="76.8824419"/>
 <node id="13055815505" visible="true" version="2" changeset="170761425" timestamp="2025-08-21T07:30:23Z" user="sathya sp" uid="17827775" lat="8.5416362" lon="76.8822284"/>
 <node id="13055815506" visible="true" version="3" changeset="170761425" timestamp="2025-08-21T07:30:23Z" user="sathya sp" uid="17827775" lat="8.5415411" lon="76.8824924"/>
 <node id="13077786506" visible="true" version="1" changeset="170608134" timestamp="2025-08-18T10:21:12Z" user="sathya sp" uid="17827775" lat="8.5486591" lon="76.8806003"/>
 <node id="13086302032" visible="true" version="1" changeset="170760272" timestamp="2025-08-21T07:04:22Z" user="sathya sp" uid="17827775" lat="8.5467143" lon="76.8835259"/>
 <node id="13088685447" visible="true" version="1" changeset="170814648" timestamp="2025-08-22T07:34:57Z" user="sathya sp" uid="17827775" lat="8.5413509" lon="76.8820198"/>
 <node id="13088685448" visible="true" version="1" changeset="170814648" timestamp="2025-08-22T07:34:57Z" user="sathya sp" uid="17827775" lat="8.5413248" lon="76.8819320"/>
 <node id="13088685449" visible="true" version="1" changeset="170814648" timestamp="2025-08-22T07:34:57Z" user="sathya sp" uid="17827775" lat="8.5413693" lon="76.8820560"/>
 <node id="13088685450" visible="true" version="1" changeset="170814648" timestamp="2025-08-22T07:34:57Z" user="sathya sp" uid="17827775" lat="8.5414010" lon="76.8821331"/>
 <node id="13088685451" visible="true" version="1" changeset="170814648" timestamp="2025-08-22T07:34:57Z" user="sathya sp" uid="17827775" lat="8.5414246" lon="76.8821747"/>
 <node id="13088685452" visible="true" version="1" changeset="170814648" timestamp="2025-08-22T07:34:57Z" user="sathya sp" uid="17827775" lat="8.5414571" lon="76.8822479"/>
 <node id="13088685453" visible="true" version="1" changeset="170814648" timestamp="2025-08-22T07:34:57Z" user="sathya sp" uid="17827775" lat="8.5414681" lon="76.8822701"/>
 <node id="13088685454" visible="true" version="1" changeset="170814648" timestamp="2025-08-22T07:34:57Z" user="sathya sp" uid="17827775" lat="8.5414754" lon="76.8822827"/>
 <node id="13088685455" visible="true" version="1" changeset="170814648" timestamp="2025-08-22T07:34:57Z" user="sathya sp" uid="17827775" lat="8.5414786" lon="76.8822933"/>
 <node id="13088685456" visible="true" version="1" changeset="170814648" timestamp="2025-08-22T07:34:57Z" user="sathya sp" uid="17827775" lat="8.5414812" lon="76.8823022"/>
 <node id="13088685457" visible="true" version="1" changeset="170814648" timestamp="2025-08-22T07:34:57Z" user="sathya sp" uid="17827775" lat="8.5414832" lon="76.8823092"/>
 <node id="13088685458" visible="true" version="1" changeset="170814648" timestamp="2025-08-22T07:34:57Z" user="sathya sp" uid="17827775" lat="8.5414916" lon="76.8823222"/>
 <node id="13088685459" visible="true" version="1" changeset="170814648" timestamp="2025-08-22T07:34:57Z" user="sathya sp" uid="17827775" lat="8.5415026" lon="76.8823353"/>
 <node id="13088685460" visible="true" version="1" changeset="170814648" timestamp="2025-08-22T07:34:57Z" user="sathya sp" uid="17827775" lat="8.5416549" lon="76.8824019"/>
 <node id="13088685461" visible="true" version="1" changeset="170814648" timestamp="2025-08-22T07:34:57Z" user="sathya sp" uid="17827775" lat="8.5416824" lon="76.8824089"/>
 <node id="13088685462" visible="true" version="1" changeset="170814648" timestamp="2025-08-22T07:34:57Z" user="sathya sp" uid="17827775" lat="8.5416948" lon="76.8824125"/>
 <node id="13088685463" visible="true" version="1" changeset="170814648" timestamp="2025-08-22T07:34:57Z" user="sathya sp" uid="17827775" lat="8.5417113" lon="76.8824157"/>
 <node id="13088685464" visible="true" version="1" changeset="170814648" timestamp="2025-08-22T07:34:57Z" user="sathya sp" uid="17827775" lat="8.5417347" lon="76.8824195"/>
 <node id="13088685465" visible="true" version="1" changeset="170814648" timestamp="2025-08-22T07:34:57Z" user="sathya sp" uid="17827775" lat="8.5420080" lon="76.8824333"/>
 <node id="13088714181" visible="true" version="1" changeset="170814648" timestamp="2025-08-22T07:34:57Z" user="sathya sp" uid="17827775" lat="8.5414352" lon="76.8817893"/>
 <node id="13088714182" visible="true" version="1" changeset="170814648" timestamp="2025-08-22T07:34:57Z" user="sathya sp" uid="17827775" lat="8.5414817" lon="76.8817215"/>
 <node id="13088714183" visible="true" version="1" changeset="170814648" timestamp="2025-08-22T07:34:57Z" user="sathya sp" uid="17827775" lat="8.5415254" lon="76.8816697"/>
 <node id="13088714184" visible="true" version="1" changeset="170814648" timestamp="2025-08-22T07:34:57Z" user="sathya sp" uid="17827775" lat="8.5416407" lon="76.8815069"/>
 <node id="13088714185" visible="true" version="1" changeset="170814648" timestamp="2025-08-22T07:34:57Z" user="sathya sp" uid="17827775" lat="8.5416840" lon="76.8814513"/>
 <node id="13088714186" visible="true" version="1" changeset="170814648" timestamp="2025-08-22T07:34:57Z" user="sathya sp" uid="17827775" lat="8.5417288" lon="76.8814062"/>
 <node id="13088714187" visible="true" version="1" changeset="170814648" timestamp="2025-08-22T07:34:57Z" user="sathya sp" uid="17827775" lat="8.5417619" lon="76.8813736"/>
 <node id="13088714188" visible="true" version="1" changeset="170814648" timestamp="2025-08-22T07:34:57Z" user="sathya sp" uid="17827775" lat="8.5417928" lon="76.8813410"/>
 <node id="13088714189" visible="true" version="1" changeset="170814648" timestamp="2025-08-22T07:34:57Z" user="sathya sp" uid="17827775" lat="8.5418348" lon="76.8813067"/>
 <node id="13088714190" visible="true" version="1" changeset="170814648" timestamp="2025-08-22T07:34:57Z" user="sathya sp" uid="17827775" lat="8.5418836" lon="76.8812636"/>
 <node id="13088714191" visible="true" version="1" changeset="170814648" timestamp="2025-08-22T07:34:57Z" user="sathya sp" uid="17827775" lat="8.5418990" lon="76.8812390"/>
 <node id="13088714192" visible="true" version="1" changeset="170814648" timestamp="2025-08-22T07:34:57Z" user="sathya sp" uid="17827775" lat="8.5419139" lon="76.8812184"/>
 <node id="13088714193" visible="true" version="1" changeset="170814648" timestamp="2025-08-22T07:34:57Z" user="sathya sp" uid="17827775" lat="8.5419319" lon="76.8811864"/>
 <node id="13088714194" visible="true" version="1" changeset="170814648" timestamp="2025-08-22T07:34:57Z" user="sathya sp" uid="17827775" lat="8.5419487" lon="76.8811612"/>
 <node id="13088714195" visible="true" version="1" changeset="170814648" timestamp="2025-08-22T07:34:57Z" user="sathya sp" uid="17827775" lat="8.5419621" lon="76.8811520"/>
 <node id="13088714196" visible="true" version="1" changeset="170814648" timestamp="2025-08-22T07:34:57Z" user="sathya sp" uid="17827775" lat="8.5419797" lon="76.8811231"/>
 <node id="13088714197" visible="true" version="1" changeset="170814648" timestamp="2025-08-22T07:34:57Z" user="sathya sp" uid="17827775" lat="8.5419885" lon="76.8811125"/>
 <node id="13088714198" visible="true" version="1" changeset="170814648" timestamp="2025-08-22T07:34:57Z" user="sathya sp" uid="17827775" lat="8.5420019" lon="76.8810997"/>
 <node id="13088714199" visible="true" version="1" changeset="170814648" timestamp="2025-08-22T07:34:57Z" user="sathya sp" uid="17827775" lat="8.5420178" lon="76.8810900"/>
 <node id="13088714200" visible="true" version="1" changeset="170814648" timestamp="2025-08-22T07:34:57Z" user="sathya sp" uid="17827775" lat="8.5420310" lon="76.8810760"/>
 <node id="13088714201" visible="true" version="1" changeset="170814648" timestamp="2025-08-22T07:34:57Z" user="sathya sp" uid="17827775" lat="8.5420420" lon="76.8810695"/>
 <node id="13088714202" visible="true" version="1" changeset="170814648" timestamp="2025-08-22T07:34:57Z" user="sathya sp" uid="17827775" lat="8.5421125" lon="76.8810032"/>
 <node id="13088714203" visible="true" version="1" changeset="170814648" timestamp="2025-08-22T07:34:57Z" user="sathya sp" uid="17827775" lat="8.5421415" lon="76.8809874"/>
 <node id="13088714204" visible="true" version="1" changeset="170814648" timestamp="2025-08-22T07:34:57Z" user="sathya sp" uid="17827775" lat="8.5421790" lon="76.8809714"/>
 <node id="13088714205" visible="true" version="1" changeset="170814648" timestamp="2025-08-22T07:34:57Z" user="sathya sp" uid="17827775" lat="8.5422004" lon="76.8809699"/>
 <node id="13088714206" visible="true" version="1" changeset="170814648" timestamp="2025-08-22T07:34:57Z" user="sathya sp" uid="17827775" lat="8.5422241" lon="76.8809681"/>
 <node id="13088714207" visible="true" version="1" changeset="170814648" timestamp="2025-08-22T07:34:57Z" user="sathya sp" uid="17827775" lat="8.5422557" lon="76.8809670"/>
 <node id="13088714208" visible="true" version="1" changeset="170814648" timestamp="2025-08-22T07:34:57Z" user="sathya sp" uid="17827775" lat="8.5423143" lon="76.8809579"/>
 <node id="13088714209" visible="true" version="1" changeset="170814648" timestamp="2025-08-22T07:34:57Z" user="sathya sp" uid="17827775" lat="8.5423570" lon="76.8809478"/>
 <node id="13088714210" visible="true" version="1" changeset="170814648" timestamp="2025-08-22T07:34:57Z" user="sathya sp" uid="17827775" lat="8.5424058" lon="76.8809272"/>
 <node id="13088714211" visible="true" version="1" changeset="170814648" timestamp="2025-08-22T07:34:57Z" user="sathya sp" uid="17827775" lat="8.5424349" lon="76.8809143"/>
 <node id="13088714212" visible="true" version="1" changeset="170814648" timestamp="2025-08-22T07:34:57Z" user="sathya sp" uid="17827775" lat="8.5424682" lon="76.8809013"/>
 <node id="13088714213" visible="true" version="1" changeset="170814648" timestamp="2025-08-22T07:34:57Z" user="sathya sp" uid="17827775" lat="8.5425143" lon="76.8808692"/>
 <node id="13088714214" visible="true" version="1" changeset="170814648" timestamp="2025-08-22T07:34:57Z" user="sathya sp" uid="17827775" lat="8.5425363" lon="76.8808580"/>
 <node id="13088714215" visible="true" version="1" changeset="170814648" timestamp="2025-08-22T07:34:57Z" user="sathya sp" uid="17827775" lat="8.5425688" lon="76.8808287"/>
 <node id="13088714216" visible="true" version="1" changeset="170814648" timestamp="2025-08-22T07:34:57Z" user="sathya sp" uid="17827775" lat="8.5425991" lon="76.8807989"/>
 <node id="13088714217" visible="true" version="1" changeset="170814648" timestamp="2025-08-22T07:34:57Z" user="sathya sp" uid="17827775" lat="8.5426612" lon="76.8807446"/>
 <node id="13088714218" visible="true" version="1" changeset="170814648" timestamp="2025-08-22T07:34:57Z" user="sathya sp" uid="17827775" lat="8.5427056" lon="76.8807024"/>
 <node id="13088714219" visible="true" version="1" changeset="170814648" timestamp="2025-08-22T07:34:57Z" user="sathya sp" uid="17827775" lat="8.5427386" lon="76.8806780"/>
 <node id="13088714220" visible="true" version="1" changeset="170814648" timestamp="2025-08-22T07:34:57Z" user="sathya sp" uid="17827775" lat="8.5428039" lon="76.8806306"/>
 <node id="13088714221" visible="true" version="1" changeset="170814648" timestamp="2025-08-22T07:34:57Z" user="sathya sp" uid="17827775" lat="8.5428457" lon="76.8806002"/>
 <node id="13088714222" visible="true" version="1" changeset="170814648" timestamp="2025-08-22T07:34:57Z" user="sathya sp" uid="17827775" lat="8.5428752" lon="76.8805712"/>
 <node id="13088714223" visible="true" version="1" changeset="170814648" timestamp="2025-08-22T07:34:57Z" user="sathya sp" uid="17827775" lat="8.5429413" lon="76.8805029"/>
 <node id="13088714224" visible="true" version="1" changeset="170814648" timestamp="2025-08-22T07:34:57Z" user="sathya sp" uid="17827775" lat="8.5429715" lon="76.8804755"/>
 <node id="13088714225" visible="true" version="1" changeset="170814648" timestamp="2025-08-22T07:34:57Z" user="sathya sp" uid="17827775" lat="8.5430279" lon="76.8804316"/>
 <node id="13088714226" visible="true" version="1" changeset="170814648" timestamp="2025-08-22T07:34:57Z" user="sathya sp" uid="17827775" lat="8.5430723" lon="76.8804081"/>
 <node id="13088714227" visible="true" version="1" changeset="170814648" timestamp="2025-08-22T07:34:57Z" user="sathya sp" uid="17827775" lat="8.5431788" lon="76.8803836"/>
 <node id="13088714228" visible="true" version="1" changeset="170814648" timestamp="2025-08-22T07:34:57Z" user="sathya sp" uid="17827775" lat="8.5432457" lon="76.8803837"/>
 <node id="13088714229" visible="true" version="1" changeset="170814648" timestamp="2025-08-22T07:34:57Z" user="sathya sp" uid="17827775" lat="8.5432788" lon="76.8803900"/>
 <node id="13088714230" visible="true" version="1" changeset="170814648" timestamp="2025-08-22T07:34:57Z" user="sathya sp" uid="17827775" lat="8.5433078" lon="76.8803927"/>
 <node id="13088714231" visible="true" version="1" changeset="170814648" timestamp="2025-08-22T07:34:57Z" user="sathya sp" uid="17827775" lat="8.5433287" lon="76.8803970"/>
 <node id="13088714232" visible="true" version="2" changeset="170821994" timestamp="2025-08-22T10:02:47Z" user="sathya sp" uid="17827775" lat="8.5435979" lon="76.8804292"/>
 <node id="13088870304" visible="true" version="1" changeset="170821994" timestamp="2025-08-22T10:02:47Z" user="sathya sp" uid="17827775" lat="8.5433583" lon="76.8803983"/>
 <node id="13088894686" visible="true" version="1" changeset="170821994" timestamp="2025-08-22T10:02:47Z" user="sathya sp" uid="17827775" lat="8.5498971" lon="76.8792052"/>
 <node id="13088894687" visible="true" version="1" changeset="170821994" timestamp="2025-08-22T10:02:47Z" user="sathya sp" uid="17827775" lat="8.5500057" lon="76.8792554"/>
 <node id="13088894694" visible="true" version="1" changeset="170821994" timestamp="2025-08-22T10:02:47Z" user="sathya sp" uid="17827775" lat="8.5410050" lon="76.8820401"/>
 <node id="13088894695" visible="true" version="1" changeset="170821994" timestamp="2025-08-22T10:02:47Z" user="sathya sp" uid="17827775" lat="8.5409556" lon="76.8820484"/>
 <node id="13088894696" visible="true" version="1" changeset="170821994" timestamp="2025-08-22T10:02:47Z" user="sathya sp" uid="17827775" lat="8.5408037" lon="76.8821352"/>
 <node id="13088894697" visible="true" version="1" changeset="170821994" timestamp="2025-08-22T10:02:47Z" user="sathya sp" uid="17827775" lat="8.5407077" lon="76.8821546"/>
 <node id="13088894698" visible="true" version="1" changeset="170821994" timestamp="2025-08-22T10:02:47Z" user="sathya sp" uid="17827775" lat="8.5406067" lon="76.8821920"/>
 <node id="13088894699" visible="true" version="1" changeset="170821994" timestamp="2025-08-22T10:02:47Z" user="sathya sp" uid="17827775" lat="8.5405395" lon="76.8822421"/>
 <node id="13088894700" visible="true" version="1" changeset="170821994" timestamp="2025-08-22T10:02:47Z" user="sathya sp" uid="17827775" lat="8.5404545" lon="76.8823199"/>
 <node id="13088894701" visible="true" version="1" changeset="170821994" timestamp="2025-08-22T10:02:47Z" user="sathya sp" uid="17827775" lat="8.5403696" lon="76.8824023"/>
 <way id="98623905" visible="true" version="62" changeset="168060354" timestamp="2025-06-24T17:38:59Z" user="Vis_M" uid="16611791">
  <nd ref="5329134030"/>
  <nd ref="1141008377"/>
  <nd ref="7579563210"/>
  <nd ref="4319362396"/>
  <nd ref="3213743116"/>
  <nd ref="1141008837"/>
  <nd ref="6967824224"/>
  <nd ref="1141007630"/>
  <nd ref="6967824225"/>
  <nd ref="4642212839"/>
  <nd ref="7579563203"/>
  <nd ref="7473984057"/>
  <nd ref="1141008166"/>
  <nd ref="7463687815"/>
  <nd ref="7473976944"/>
  <nd ref="7473976938"/>
  <nd ref="1141008281"/>
  <nd ref="4456248315"/>
  <nd ref="1141008726"/>
  <nd ref="7578693114"/>
  <nd ref="1141008010"/>
  <nd ref="7452862006"/>
  <nd ref="7452819698"/>
  <nd ref="7452862008"/>
  <nd ref="7010151652"/>
  <nd ref="7452862090"/>
  <nd ref="7452819732"/>
  <nd ref="7505818540"/>
  <tag k="highway" v="secondary"/>
  <tag k="lanes" v="2"/>
  <tag k="name" v="Kulathoor Road"/>
  <tag k="oneway" v="no"/>
  <tag k="ref" v="MDR"/>
  <tag k="surface" v="asphalt"/>
 </way>
 <way id="224320960" visible="true" version="15" changeset="170821994" timestamp="2025-08-22T10:02:47Z" user="sathya sp" uid="17827775">
  <nd ref="2331438511"/>
  <nd ref="2331438512"/>
  <nd ref="13088894687"/>
  <nd ref="13088894686"/>
  <nd ref="2331438513"/>
  <nd ref="2331438514"/>
  <nd ref="2331438515"/>
  <nd ref="2331438516"/>
  <nd ref="2331438517"/>
  <nd ref="4464656517"/>
  <nd ref="2331438518"/>
  <nd ref="6909448087"/>
  <nd ref="4464656518"/>
  <nd ref="2331438519"/>
  <nd ref="4464656520"/>
  <nd ref="4464656521"/>
  <nd ref="2331438521"/>
  <nd ref="4464656525"/>
  <nd ref="4464656526"/>
  <nd ref="2331438523"/>
  <nd ref="2331438524"/>
  <nd ref="13088714232"/>
  <nd ref="2331438525"/>
  <nd ref="2331438526"/>
  <nd ref="2331438527"/>
  <nd ref="2331438528"/>
  <nd ref="2331438529"/>
  <nd ref="13088714215"/>
  <nd ref="13088714206"/>
  <nd ref="2331438530"/>
  <nd ref="2331438531"/>
  <nd ref="2331438532"/>
  <nd ref="6909448086"/>
  <nd ref="6909448085"/>
  <nd ref="13088685450"/>
  <nd ref="2331438533"/>
  <nd ref="13055815506"/>
  <nd ref="2331438534"/>
  <nd ref="2331438535"/>
  <nd ref="2331438536"/>
  <nd ref="2331438537"/>
  <nd ref="2331438538"/>
  <nd ref="2331438539"/>
  <nd ref="2331438540"/>
  <nd ref="2331438541"/>
  <nd ref="2331438542"/>
  <nd ref="2331438543"/>
  <nd ref="5870423855"/>
  <nd ref="5870423856"/>
  <nd ref="5870423857"/>
  <nd ref="5870423861"/>
  <nd ref="5870423858"/>
  <nd ref="5870423859"/>
  <nd ref="7463725510"/>
  <nd ref="5870423860"/>
  <nd ref="5870423863"/>
  <nd ref="5870423862"/>
  <nd ref="5870423864"/>
  <nd ref="5870423867"/>
  <nd ref="5870423868"/>
  <nd ref="5870423869"/>
  <nd ref="7463725529"/>
  <nd ref="13086302032"/>
  <nd ref="5870423870"/>
  <nd ref="7463725530"/>
  <nd ref="5870423871"/>
  <nd ref="5870423865"/>
  <nd ref="5870423866"/>
  <nd ref="5870423872"/>
  <nd ref="8386747473"/>
  <nd ref="5870423873"/>
  <nd ref="8386747471"/>
  <nd ref="5870423874"/>
  <nd ref="5870423875"/>
  <nd ref="2331438544"/>
  <nd ref="2331438545"/>
  <nd ref="2331438546"/>
  <nd ref="2331438547"/>
  <nd ref="2331438548"/>
  <nd ref="2331438549"/>
  <nd ref="2331438550"/>
  <nd ref="2331438551"/>
  <nd ref="4762343969"/>
  <nd ref="2331438552"/>
  <nd ref="2331438553"/>
  <nd ref="4762343972"/>
  <nd ref="2331438554"/>
  <nd ref="13077786506"/>
  <nd ref="2331438555"/>
  <nd ref="2331438556"/>
  <nd ref="2331438557"/>
  <nd ref="7579762204"/>
  <nd ref="2331438558"/>
  <nd ref="2331438559"/>
  <nd ref="2331438511"/>
  <tag k="landuse" v="commercial"/>
  <tag k="name" v="Technopark Phase III"/>
 </way>
 <way id="448629606" visible="true" version="12" changeset="164669767" timestamp="2025-04-08T09:32:37Z" user="nileshbarawkar" uid="16275544">
  <nd ref="4456248077"/>
  <nd ref="4456248079"/>
  <nd ref="5193615382"/>
  <nd ref="4456248080"/>
  <nd ref="4456248081"/>
  <nd ref="4456248082"/>
  <nd ref="4456248083"/>
  <nd ref="4456248084"/>
  <nd ref="4456248088"/>
  <nd ref="4456248289"/>
  <nd ref="7506459612"/>
  <nd ref="7578693111"/>
  <nd ref="4456248087"/>
  <nd ref="4456248086"/>
  <nd ref="4456248085"/>
  <nd ref="7506459613"/>
  <nd ref="4456248290"/>
  <nd ref="4456248291"/>
  <nd ref="4456248292"/>
  <nd ref="7474288001"/>
  <nd ref="4456248293"/>
  <nd ref="4456248294"/>
  <nd ref="4456248295"/>
  <nd ref="4456248296"/>
  <nd ref="4456248297"/>
  <nd ref="4456248298"/>
  <nd ref="4456248299"/>
  <nd ref="6897443262"/>
  <nd ref="7578691588"/>
  <nd ref="4456248305"/>
  <nd ref="4456248306"/>
  <nd ref="4456248307"/>
  <nd ref="4456248308"/>
  <nd ref="4456248309"/>
  <nd ref="7578693109"/>
  <nd ref="7578693117"/>
  <nd ref="4456248313"/>
  <nd ref="7578693116"/>
  <nd ref="1141008726"/>
  <tag k="highway" v="tertiary"/>
 </way>
 <way id="749648373" visible="true" version="2" changeset="85019547" timestamp="2020-05-11T10:46:02Z" user="VLD149" uid="10979429">
  <nd ref="7010151652"/>
  <nd ref="7010151651"/>
  <tag k="highway" v="service"/>
 </way>
 <way id="796896873" visible="true" version="1" changeset="84192290" timestamp="2020-04-27T10:36:09Z" user="Anu2000" uid="11023202">
  <nd ref="7452819613"/>
  <nd ref="7452819614"/>
  <nd ref="7452819615"/>
  <nd ref="7452819616"/>
  <nd ref="7452819613"/>
  <tag k="building" v="school"/>
  <tag k="name" v="Govt LPS Kulathoor kitchen"/>
 </way>
 <way id="796896878" visible="true" version="1" changeset="84192290" timestamp="2020-04-27T10:36:09Z" user="Anu2000" uid="11023202">
  <nd ref="7452819633"/>
  <nd ref="7452819634"/>
  <nd ref="7452819635"/>
  <nd ref="7452819636"/>
  <nd ref="7452819633"/>
  <tag k="building" v="house"/>
 </way>
 <way id="796896886" visible="true" version="1" changeset="84192290" timestamp="2020-04-27T10:36:09Z" user="Anu2000" uid="11023202">
  <nd ref="7452819665"/>
  <nd ref="7452819666"/>
  <nd ref="7452819667"/>
  <nd ref="7452819668"/>
  <nd ref="7452819665"/>
  <tag k="building" v="yes"/>
  <tag k="shop" v="yes"/>
 </way>
 <way id="796896887" visible="true" version="1" changeset="84192290" timestamp="2020-04-27T10:36:09Z" user="Anu2000" uid="11023202">
  <nd ref="7452819669"/>
  <nd ref="7452819670"/>
  <nd ref="7452819671"/>
  <nd ref="7452819672"/>
  <nd ref="7452819669"/>
  <tag k="building" v="yes"/>
  <tag k="shop" v="yes"/>
 </way>
 <way id="796896888" visible="true" version="1" changeset="84192290" timestamp="2020-04-27T10:36:09Z" user="Anu2000" uid="11023202">
  <nd ref="7452819673"/>
  <nd ref="7452819674"/>
  <nd ref="7452819675"/>
  <nd ref="7452819676"/>
  <nd ref="7452819673"/>
  <tag k="building" v="yes"/>
  <tag k="name" v="Fancy"/>
  <tag k="shop" v="yes"/>
 </way>
 <way id="796896889" visible="true" version="1" changeset="84192290" timestamp="2020-04-27T10:36:09Z" user="Anu2000" uid="11023202">
  <nd ref="7452819677"/>
  <nd ref="7452819678"/>
  <nd ref="7452819679"/>
  <nd ref="7452819680"/>
  <nd ref="7452819677"/>
  <tag k="building" v="yes"/>
  <tag k="shop" v="tea"/>
 </way>
 <way id="796896890" visible="true" version="1" changeset="84192290" timestamp="2020-04-27T10:36:09Z" user="Anu2000" uid="11023202">
  <nd ref="7452819681"/>
  <nd ref="7452819682"/>
  <nd ref="7452819683"/>
  <nd ref="7452819684"/>
  <nd ref="7452819685"/>
  <nd ref="7452819681"/>
  <tag k="building" v="yes"/>
  <tag k="shop" v="yes"/>
 </way>
 <way id="796896891" visible="true" version="1" changeset="84192290" timestamp="2020-04-27T10:36:09Z" user="Anu2000" uid="11023202">
  <nd ref="7452819686"/>
  <nd ref="7452819687"/>
  <nd ref="7452819688"/>
  <nd ref="7452819689"/>
  <nd ref="7452819686"/>
  <tag k="building" v="house"/>
 </way>
 <way id="796896892" visible="true" version="1" changeset="84192290" timestamp="2020-04-27T10:36:09Z" user="Anu2000" uid="11023202">
  <nd ref="7452819690"/>
  <nd ref="7452819691"/>
  <nd ref="7452819692"/>
  <nd ref="7452819693"/>
  <nd ref="7452819690"/>
  <tag k="building" v="yes"/>
  <tag k="shop" v="yes"/>
 </way>
 <way id="796896893" visible="true" version="1" changeset="84192290" timestamp="2020-04-27T10:36:09Z" user="Anu2000" uid="11023202">
  <nd ref="7452819694"/>
  <nd ref="7452819695"/>
  <nd ref="7452819696"/>
  <nd ref="7452819697"/>
  <nd ref="7452819694"/>
  <tag k="building" v="yes"/>
  <tag k="shop" v="yes"/>
 </way>
 <way id="796896894" visible="true" version="2" changeset="85019547" timestamp="2020-05-11T10:46:02Z" user="VLD149" uid="10979429">
  <nd ref="7452819698"/>
  <nd ref="7452819699"/>
  <tag k="highway" v="service"/>
  <tag k="name" v="Melathil road"/>
 </way>
 <way id="796896895" visible="true" version="1" changeset="84192290" timestamp="2020-04-27T10:36:09Z" user="Anu2000" uid="11023202">
  <nd ref="7452819700"/>
  <nd ref="7452819701"/>
  <nd ref="7452819702"/>
  <nd ref="7452819703"/>
  <nd ref="7452819700"/>
  <tag k="building" v="house"/>
 </way>
 <way id="796896896" visible="true" version="1" changeset="84192290" timestamp="2020-04-27T10:36:09Z" user="Anu2000" uid="11023202">
  <nd ref="7452819704"/>
  <nd ref="7452819705"/>
  <nd ref="7452819706"/>
  <nd ref="7452819707"/>
  <nd ref="7452819704"/>
  <tag k="building" v="house"/>
 </way>
 <way id="796896897" visible="true" version="1" changeset="84192290" timestamp="2020-04-27T10:36:09Z" user="Anu2000" uid="11023202">
  <nd ref="7452819708"/>
  <nd ref="7452819709"/>
  <nd ref="7452819710"/>
  <nd ref="7452819711"/>
  <nd ref="7452819708"/>
  <tag k="building" v="house"/>
 </way>
 <way id="796896898" visible="true" version="1" changeset="84192290" timestamp="2020-04-27T10:36:09Z" user="Anu2000" uid="11023202">
  <nd ref="7452819712"/>
  <nd ref="7452819713"/>
  <nd ref="7452819714"/>
  <nd ref="7452819715"/>
  <nd ref="7452819712"/>
  <tag k="amenity" v="restaurant"/>
  <tag k="building" v="yes"/>
  <tag k="name" v="CP"/>
 </way>
 <way id="796896899" visible="true" version="1" changeset="84192290" timestamp="2020-04-27T10:36:09Z" user="Anu2000" uid="11023202">
  <nd ref="7452819716"/>
  <nd ref="7452819717"/>
  <nd ref="7452819718"/>
  <nd ref="7452819719"/>
  <nd ref="7452819716"/>
  <tag k="building" v="yes"/>
  <tag k="shop" v="car_repair"/>
 </way>
 <way id="796896900" visible="true" version="1" changeset="84192290" timestamp="2020-04-27T10:36:09Z" user="Anu2000" uid="11023202">
  <nd ref="7452819720"/>
  <nd ref="7452819721"/>
  <nd ref="7452819722"/>
  <nd ref="7452819723"/>
  <nd ref="7452819720"/>
  <tag k="amenity" v="cafe"/>
  <tag k="building" v="yes"/>
 </way>
 <way id="796896901" visible="true" version="1" changeset="84192290" timestamp="2020-04-27T10:36:09Z" user="Anu2000" uid="11023202">
  <nd ref="7452819724"/>
  <nd ref="7452819725"/>
  <nd ref="7452819726"/>
  <nd ref="7452819727"/>
  <nd ref="7452819724"/>
  <tag k="building" v="yes"/>
  <tag k="shop" v="car_repair"/>
 </way>
 <way id="796896902" visible="true" version="1" changeset="84192290" timestamp="2020-04-27T10:36:09Z" user="Anu2000" uid="11023202">
  <nd ref="7452819728"/>
  <nd ref="7452819729"/>
  <nd ref="7452819730"/>
  <nd ref="7452819731"/>
  <nd ref="7452819728"/>
  <tag k="building" v="yes"/>
  <tag k="tourism" v="hotel"/>
 </way>
 <way id="796896903" visible="true" version="4" changeset="170821994" timestamp="2025-08-22T10:02:47Z" user="sathya sp" uid="17827775">
  <nd ref="7505818539"/>
  <nd ref="13088894694"/>
  <nd ref="13088894695"/>
  <nd ref="13088894696"/>
  <nd ref="13088894697"/>
  <nd ref="7452819733"/>
  <nd ref="13088894698"/>
  <nd ref="13088894699"/>
  <nd ref="13088894700"/>
  <nd ref="13088894701"/>
  <nd ref="7452819734"/>
  <tag k="name" v="Thettiyar"/>
  <tag k="waterway" v="stream"/>
 </way>
 <way id="796896904" visible="true" version="1" changeset="84192290" timestamp="2020-04-27T10:36:09Z" user="Anu2000" uid="11023202">
  <nd ref="7452819735"/>
  <nd ref="7452819736"/>
  <nd ref="7452819737"/>
  <nd ref="7452819738"/>
  <nd ref="7452819735"/>
  <tag k="building" v="house"/>
 </way>
 <way id="796896905" visible="true" version="1" changeset="84192290" timestamp="2020-04-27T10:36:09Z" user="Anu2000" uid="11023202">
  <nd ref="7452819739"/>
  <nd ref="7452819740"/>
  <nd ref="7452819741"/>
  <nd ref="7452819742"/>
  <nd ref="7452819739"/>
  <tag k="building" v="house"/>
 </way>
 <way id="796900440" visible="true" version="1" changeset="84193136" timestamp="2020-04-27T10:49:24Z" user="Anu2000" uid="11023202">
  <nd ref="7452842083"/>
  <nd ref="7452842084"/>
  <nd ref="7452861985"/>
  <nd ref="7452861986"/>
  <nd ref="7452842083"/>
  <tag k="building" v="yes"/>
  <tag k="shop" v="yes"/>
 </way>
 <way id="796900441" visible="true" version="1" changeset="84193136" timestamp="2020-04-27T10:49:24Z" user="Anu2000" uid="11023202">
  <nd ref="7452861987"/>
  <nd ref="7452861988"/>
  <nd ref="7452861989"/>
  <nd ref="7452861990"/>
  <nd ref="7452861991"/>
  <nd ref="7452861987"/>
  <tag k="building" v="house"/>
 </way>
 <way id="796900442" visible="true" version="1" changeset="84193136" timestamp="2020-04-27T10:49:24Z" user="Anu2000" uid="11023202">
  <nd ref="7452861992"/>
  <nd ref="7452861993"/>
  <nd ref="7452861994"/>
  <nd ref="7452861995"/>
  <nd ref="7452861996"/>
  <nd ref="7452861997"/>
  <nd ref="7452861992"/>
  <tag k="building" v="yes"/>
  <tag k="shop" v="yes"/>
 </way>
 <way id="796900443" visible="true" version="1" changeset="84193136" timestamp="2020-04-27T10:49:24Z" user="Anu2000" uid="11023202">
  <nd ref="7452861998"/>
  <nd ref="7452861999"/>
  <nd ref="7452862000"/>
  <nd ref="7452862001"/>
  <nd ref="7452861998"/>
  <tag k="building" v="yes"/>
  <tag k="shop" v="yes"/>
 </way>
 <way id="796900444" visible="true" version="1" changeset="84193136" timestamp="2020-04-27T10:49:24Z" user="Anu2000" uid="11023202">
  <nd ref="7452862002"/>
  <nd ref="7452862003"/>
  <nd ref="7452862004"/>
  <nd ref="7452862005"/>
  <nd ref="7452862002"/>
  <tag k="building" v="house"/>
 </way>
 <way id="796900445" visible="true" version="1" changeset="84193136" timestamp="2020-04-27T10:49:24Z" user="Anu2000" uid="11023202">
  <nd ref="7452862006"/>
  <nd ref="7452862007"/>
  <tag k="highway" v="residential"/>
 </way>
 <way id="796900446" visible="true" version="1" changeset="84193136" timestamp="2020-04-27T10:49:24Z" user="Anu2000" uid="11023202">
  <nd ref="7452862008"/>
  <nd ref="7452862009"/>
  <nd ref="7452862012"/>
  <nd ref="7452862010"/>
  <nd ref="7452862011"/>
  <tag k="highway" v="residential"/>
 </way>
 <way id="796900447" visible="true" version="1" changeset="84193136" timestamp="2020-04-27T10:49:24Z" user="Anu2000" uid="11023202">
  <nd ref="7452862012"/>
  <nd ref="7452862013"/>
  <tag k="highway" v="residential"/>
 </way>
 <way id="796900448" visible="true" version="1" changeset="84193136" timestamp="2020-04-27T10:49:24Z" user="Anu2000" uid="11023202">
  <nd ref="7452862014"/>
  <nd ref="7452862015"/>
  <nd ref="7452862016"/>
  <nd ref="7452862017"/>
  <nd ref="7452862014"/>
  <tag k="building" v="yes"/>
  <tag k="name" v="Gurupriya"/>
  <tag k="shop" v="jewelry"/>
 </way>
 <way id="796900449" visible="true" version="1" changeset="84193136" timestamp="2020-04-27T10:49:24Z" user="Anu2000" uid="11023202">
  <nd ref="7452862018"/>
  <nd ref="7452862019"/>
  <nd ref="7452862020"/>
  <nd ref="7452862021"/>
  <nd ref="7452862018"/>
  <tag k="building" v="yes"/>
  <tag k="shop" v="yes"/>
 </way>
 <way id="796900450" visible="true" version="1" changeset="84193136" timestamp="2020-04-27T10:49:24Z" user="Anu2000" uid="11023202">
  <nd ref="7452862022"/>
  <nd ref="7452862023"/>
  <nd ref="7452862024"/>
  <nd ref="7452862025"/>
  <nd ref="7452862022"/>
  <tag k="building" v="yes"/>
  <tag k="shop" v="beauty"/>
 </way>
 <way id="796900451" visible="true" version="1" changeset="84193136" timestamp="2020-04-27T10:49:24Z" user="Anu2000" uid="11023202">
  <nd ref="7452862026"/>
  <nd ref="7452862027"/>
  <nd ref="7452862028"/>
  <nd ref="7452862029"/>
  <nd ref="7452862026"/>
  <tag k="building" v="house"/>
 </way>
 <way id="796900452" visible="true" version="1" changeset="84193136" timestamp="2020-04-27T10:49:24Z" user="Anu2000" uid="11023202">
  <nd ref="7452862030"/>
  <nd ref="7452862031"/>
  <nd ref="7452862032"/>
  <nd ref="7452862033"/>
  <nd ref="7452862030"/>
  <tag k="building" v="house"/>
 </way>
 <way id="796900453" visible="true" version="1" changeset="84193136" timestamp="2020-04-27T10:49:24Z" user="Anu2000" uid="11023202">
  <nd ref="7452862034"/>
  <nd ref="7452862035"/>
  <nd ref="7452862036"/>
  <nd ref="7452862037"/>
  <nd ref="7452862034"/>
  <tag k="building" v="yes"/>
  <tag k="name" v="Mannan hotel"/>
  <tag k="tourism" v="hotel"/>
 </way>
 <way id="796900454" visible="true" version="1" changeset="84193136" timestamp="2020-04-27T10:49:24Z" user="Anu2000" uid="11023202">
  <nd ref="7452862038"/>
  <nd ref="7452862039"/>
  <nd ref="7452862040"/>
  <nd ref="7452862041"/>
  <nd ref="7452862038"/>
  <tag k="addr:postcode" v="695583"/>
  <tag k="building" v="house"/>
 </way>
 <way id="796900455" visible="true" version="1" changeset="84193136" timestamp="2020-04-27T10:49:24Z" user="Anu2000" uid="11023202">
  <nd ref="7452862042"/>
  <nd ref="7452862043"/>
  <nd ref="7452862044"/>
  <nd ref="7452862045"/>
  <nd ref="7452862042"/>
  <tag k="building" v="house"/>
 </way>
 <way id="796900456" visible="true" version="1" changeset="84193136" timestamp="2020-04-27T10:49:24Z" user="Anu2000" uid="11023202">
  <nd ref="7452862046"/>
  <nd ref="7452862047"/>
  <nd ref="7452862048"/>
  <nd ref="7452862049"/>
  <nd ref="7452862046"/>
  <tag k="landuse" v="residential"/>
  <tag k="residential" v="apartments"/>
 </way>
 <way id="796900457" visible="true" version="1" changeset="84193136" timestamp="2020-04-27T10:49:24Z" user="Anu2000" uid="11023202">
  <nd ref="7452862050"/>
  <nd ref="7452862051"/>
  <nd ref="7452862052"/>
  <nd ref="7452862053"/>
  <nd ref="7452862050"/>
  <tag k="building" v="house"/>
 </way>
 <way id="796900458" visible="true" version="1" changeset="84193136" timestamp="2020-04-27T10:49:24Z" user="Anu2000" uid="11023202">
  <nd ref="7452862054"/>
  <nd ref="7452862055"/>
  <nd ref="7452862056"/>
  <nd ref="7452862057"/>
  <nd ref="7452862054"/>
  <tag k="building" v="house"/>
 </way>
 <way id="796900459" visible="true" version="1" changeset="84193136" timestamp="2020-04-27T10:49:24Z" user="Anu2000" uid="11023202">
  <nd ref="7452862058"/>
  <nd ref="7452862059"/>
  <nd ref="7452862060"/>
  <nd ref="7452862061"/>
  <nd ref="7452862058"/>
  <tag k="building" v="house"/>
 </way>
 <way id="796900460" visible="true" version="1" changeset="84193136" timestamp="2020-04-27T10:49:24Z" user="Anu2000" uid="11023202">
  <nd ref="7452862062"/>
  <nd ref="7452862063"/>
  <nd ref="7452862064"/>
  <nd ref="7452862065"/>
  <nd ref="7452862062"/>
  <tag k="building" v="house"/>
 </way>
 <way id="796900461" visible="true" version="1" changeset="84193136" timestamp="2020-04-27T10:49:24Z" user="Anu2000" uid="11023202">
  <nd ref="7452862066"/>
  <nd ref="7452862067"/>
  <nd ref="7452862068"/>
  <nd ref="7452862069"/>
  <nd ref="7452862066"/>
  <tag k="building" v="house"/>
 </way>
 <way id="796900462" visible="true" version="1" changeset="84193136" timestamp="2020-04-27T10:49:24Z" user="Anu2000" uid="11023202">
  <nd ref="7452862070"/>
  <nd ref="7452862071"/>
  <nd ref="7452862072"/>
  <nd ref="7452862073"/>
  <nd ref="7452862070"/>
  <tag k="building" v="house"/>
 </way>
 <way id="796900463" visible="true" version="1" changeset="84193136" timestamp="2020-04-27T10:49:24Z" user="Anu2000" uid="11023202">
  <nd ref="7452862074"/>
  <nd ref="7452862075"/>
  <nd ref="7452862076"/>
  <nd ref="7452862077"/>
  <nd ref="7452862074"/>
  <tag k="building" v="house"/>
 </way>
 <way id="796900465" visible="true" version="1" changeset="84193136" timestamp="2020-04-27T10:49:24Z" user="Anu2000" uid="11023202">
  <nd ref="7452862082"/>
  <nd ref="7452862083"/>
  <nd ref="7452862084"/>
  <nd ref="7452862085"/>
  <nd ref="7452862082"/>
  <tag k="building" v="yes"/>
  <tag k="shop" v="yes"/>
 </way>
 <way id="796900466" visible="true" version="1" changeset="84193136" timestamp="2020-04-27T10:49:24Z" user="Anu2000" uid="11023202">
  <nd ref="7452862086"/>
  <nd ref="7452862087"/>
  <nd ref="7452862088"/>
  <nd ref="7452862089"/>
  <nd ref="7452862086"/>
  <tag k="building" v="yes"/>
  <tag k="shop" v="yes"/>
 </way>
 <way id="796900467" visible="true" version="4" changeset="170093779" timestamp="2025-08-07T08:30:44Z" user="Anandhu SJ" uid="17423449">
  <nd ref="7452862092"/>
  <nd ref="7452862091"/>
  <nd ref="8386747478"/>
  <nd ref="7505818539"/>
  <tag k="waterway" v="stream"/>
 </way>
 <way id="798006348" visible="true" version="1" changeset="84345371" timestamp="2020-04-29T14:19:20Z" user="Anu2000" uid="11023202">
  <nd ref="7463687838"/>
  <nd ref="7463687839"/>
  <nd ref="7463687840"/>
  <nd ref="7463687841"/>
  <nd ref="7463687838"/>
  <tag k="building" v="yes"/>
  <tag k="name" v="Prageela seafood"/>
  <tag k="tourism" v="hotel"/>
 </way>
 <way id="798006349" visible="true" version="1" changeset="84345371" timestamp="2020-04-29T14:19:20Z" user="Anu2000" uid="11023202">
  <nd ref="7463687842"/>
  <nd ref="7463687843"/>
  <nd ref="7463687844"/>
  <nd ref="7463687845"/>
  <nd ref="7463687842"/>
  <tag k="building" v="yes"/>
  <tag k="name" v="Thiruvananthapuram corporation attipra zonal office"/>
  <tag k="office" v="yes"/>
 </way>
 <way id="798107732" visible="true" version="1" changeset="84358386" timestamp="2020-04-29T18:47:33Z" user="Akash V" uid="11096403">
  <nd ref="7464564000"/>
  <nd ref="7464564001"/>
  <nd ref="7464564002"/>
  <nd ref="7464564003"/>
  <nd ref="7464564000"/>
  <tag k="building" v="house"/>
 </way>
 <way id="798107733" visible="true" version="1" changeset="84358386" timestamp="2020-04-29T18:47:33Z" user="Akash V" uid="11096403">
  <nd ref="7464564004"/>
  <nd ref="7464564005"/>
  <nd ref="7464564006"/>
  <nd ref="7464564007"/>
  <nd ref="7464564004"/>
  <tag k="building" v="house"/>
 </way>
 <way id="799155084" visible="true" version="1" changeset="84527457" timestamp="2020-05-02T16:02:22Z" user="Anu2000" uid="11023202">
  <nd ref="7473896009"/>
  <nd ref="7473896010"/>
  <nd ref="7473896011"/>
  <nd ref="7473896012"/>
  <nd ref="7473896009"/>
  <tag k="building" v="yes"/>
 </way>
 <way id="799155085" visible="true" version="1" changeset="84527457" timestamp="2020-05-02T16:02:22Z" user="Anu2000" uid="11023202">
  <nd ref="7473896013"/>
  <nd ref="7473896014"/>
  <nd ref="7473896015"/>
  <nd ref="7473896016"/>
  <nd ref="7473896013"/>
  <tag k="building" v="yes"/>
  <tag k="shop" v="bakery"/>
 </way>
 <way id="799155086" visible="true" version="1" changeset="84527457" timestamp="2020-05-02T16:02:22Z" user="Anu2000" uid="11023202">
  <nd ref="7473896018"/>
  <nd ref="7473896019"/>
  <nd ref="7473896020"/>
  <nd ref="7473896021"/>
  <nd ref="7473896018"/>
  <tag k="building" v="yes"/>
  <tag k="shop" v="yes"/>
 </way>
 <way id="799155087" visible="true" version="1" changeset="84527457" timestamp="2020-05-02T16:02:22Z" user="Anu2000" uid="11023202">
  <nd ref="7473896022"/>
  <nd ref="7473896023"/>
  <nd ref="7473896024"/>
  <nd ref="7473896025"/>
  <nd ref="7473896026"/>
  <nd ref="7473896022"/>
  <tag k="building" v="yes"/>
 </way>
 <way id="799155088" visible="true" version="1" changeset="84527457" timestamp="2020-05-02T16:02:22Z" user="Anu2000" uid="11023202">
  <nd ref="7473896030"/>
  <nd ref="7473896031"/>
  <nd ref="7473896032"/>
  <nd ref="7473896033"/>
  <nd ref="7473896030"/>
  <tag k="amenity" v="clinic"/>
  <tag k="building" v="yes"/>
  <tag k="healthcare" v="clinic"/>
  <tag k="name" v="Mother and child"/>
 </way>
 <way id="799158105" visible="true" version="1" changeset="84527824" timestamp="2020-05-02T16:12:18Z" user="Anu2000" uid="11023202">
  <nd ref="7473976886"/>
  <nd ref="7473976887"/>
  <nd ref="7473976888"/>
  <nd ref="7473976889"/>
  <nd ref="7473976886"/>
  <tag k="building" v="house"/>
 </way>
 <way id="799158106" visible="true" version="1" changeset="84527824" timestamp="2020-05-02T16:12:18Z" user="Anu2000" uid="11023202">
  <nd ref="7473976890"/>
  <nd ref="7473976891"/>
  <nd ref="7473976892"/>
  <nd ref="7473976893"/>
  <nd ref="7473976890"/>
  <tag k="building" v="house"/>
 </way>
 <way id="799158107" visible="true" version="1" changeset="84527824" timestamp="2020-05-02T16:12:18Z" user="Anu2000" uid="11023202">
  <nd ref="7473976894"/>
  <nd ref="7473976895"/>
  <nd ref="7473976896"/>
  <nd ref="7473976897"/>
  <nd ref="7473976894"/>
  <tag k="building" v="house"/>
 </way>
 <way id="799158108" visible="true" version="1" changeset="84527824" timestamp="2020-05-02T16:12:18Z" user="Anu2000" uid="11023202">
  <nd ref="7473976898"/>
  <nd ref="7473976899"/>
  <nd ref="7473976900"/>
  <nd ref="7473976901"/>
  <nd ref="7473976898"/>
  <tag k="building" v="house"/>
 </way>
 <way id="799158109" visible="true" version="1" changeset="84527824" timestamp="2020-05-02T16:12:18Z" user="Anu2000" uid="11023202">
  <nd ref="7473976902"/>
  <nd ref="7473976903"/>
  <nd ref="7473976904"/>
  <nd ref="7473976905"/>
  <nd ref="7473976902"/>
  <tag k="building" v="yes"/>
  <tag k="shop" v="yes"/>
 </way>
 <way id="799158110" visible="true" version="1" changeset="84527824" timestamp="2020-05-02T16:12:18Z" user="Anu2000" uid="11023202">
  <nd ref="7473976906"/>
  <nd ref="7473976907"/>
  <nd ref="7473976908"/>
  <nd ref="7473976909"/>
  <nd ref="7473976906"/>
  <tag k="building" v="yes"/>
  <tag k="shop" v="yes"/>
 </way>
 <way id="799158111" visible="true" version="1" changeset="84527824" timestamp="2020-05-02T16:12:18Z" user="Anu2000" uid="11023202">
  <nd ref="7473976910"/>
  <nd ref="7473976911"/>
  <nd ref="7473976912"/>
  <nd ref="7473976913"/>
  <nd ref="7473976910"/>
  <tag k="amenity" v="pharmacy"/>
  <tag k="building" v="yes"/>
  <tag k="dispensing" v="yes"/>
  <tag k="healthcare" v="pharmacy"/>
  <tag k="name" v="Rohini medicals"/>
 </way>
 <way id="799158112" visible="true" version="1" changeset="84527824" timestamp="2020-05-02T16:12:18Z" user="Anu2000" uid="11023202">
  <nd ref="7473976914"/>
  <nd ref="7473976915"/>
  <nd ref="7473976916"/>
  <nd ref="7473976917"/>
  <nd ref="7473976914"/>
  <tag k="amenity" v="bank"/>
  <tag k="building" v="yes"/>
 </way>
 <way id="799158113" visible="true" version="1" changeset="84527824" timestamp="2020-05-02T16:12:18Z" user="Anu2000" uid="11023202">
  <nd ref="7473976918"/>
  <nd ref="7473976919"/>
  <nd ref="7473976920"/>
  <nd ref="7473976921"/>
  <nd ref="7473976918"/>
  <tag k="building" v="yes"/>
  <tag k="name" v="mass vegetable and fruits"/>
  <tag k="shop" v="greengrocer"/>
 </way>
 <way id="799158114" visible="true" version="1" changeset="84527824" timestamp="2020-05-02T16:12:18Z" user="Anu2000" uid="11023202">
  <nd ref="7473976922"/>
  <nd ref="7473976923"/>
  <nd ref="7473976924"/>
  <nd ref="7473976925"/>
  <nd ref="7473976922"/>
  <tag k="amenity" v="fast_food"/>
  <tag k="building" v="yes"/>
  <tag k="name" v="Puttukada Thattukada"/>
 </way>
 <way id="799158115" visible="true" version="1" changeset="84527824" timestamp="2020-05-02T16:12:18Z" user="Anu2000" uid="11023202">
  <nd ref="7473976926"/>
  <nd ref="7473976927"/>
  <nd ref="7473976928"/>
  <nd ref="7473976929"/>
  <nd ref="7473976926"/>
  <tag k="building" v="yes"/>
  <tag k="name" v="Avittam pooja stall"/>
  <tag k="shop" v="yes"/>
 </way>
 <way id="799158116" visible="true" version="1" changeset="84527824" timestamp="2020-05-02T16:12:18Z" user="Anu2000" uid="11023202">
  <nd ref="7473976930"/>
  <nd ref="7473976931"/>
  <nd ref="7473976932"/>
  <nd ref="7473976933"/>
  <nd ref="7473976930"/>
  <tag k="building" v="house"/>
 </way>
 <way id="799158117" visible="true" version="1" changeset="84527824" timestamp="2020-05-02T16:12:18Z" user="Anu2000" uid="11023202">
  <nd ref="7473976934"/>
  <nd ref="7473976935"/>
  <nd ref="7473976936"/>
  <nd ref="7473976937"/>
  <nd ref="7473976934"/>
  <tag k="building" v="house"/>
 </way>
 <way id="799158118" visible="true" version="1" changeset="84527824" timestamp="2020-05-02T16:12:18Z" user="Anu2000" uid="11023202">
  <nd ref="7473976938"/>
  <nd ref="7473976939"/>
  <nd ref="7473976940"/>
  <nd ref="7473976941"/>
  <nd ref="7463687814"/>
  <tag k="highway" v="residential"/>
 </way>
 <way id="799158119" visible="true" version="1" changeset="84527824" timestamp="2020-05-02T16:12:18Z" user="Anu2000" uid="11023202">
  <nd ref="7473976941"/>
  <nd ref="7473976942"/>
  <tag k="highway" v="residential"/>
 </way>
 <way id="799158120" visible="true" version="1" changeset="84527824" timestamp="2020-05-02T16:12:18Z" user="Anu2000" uid="11023202">
  <nd ref="7473976940"/>
  <nd ref="7473976943"/>
  <nd ref="7473976944"/>
  <tag k="highway" v="residential"/>
 </way>
 <way id="799158121" visible="true" version="2" changeset="140101327" timestamp="2023-08-19T16:12:16Z" user="Dinsh" uid="10923610">
  <nd ref="7473976943"/>
  <nd ref="7473976945"/>
  <nd ref="11128342723"/>
  <nd ref="7473976946"/>
  <nd ref="7473976947"/>
  <tag k="highway" v="residential"/>
 </way>
 <way id="799158122" visible="true" version="1" changeset="84527824" timestamp="2020-05-02T16:12:18Z" user="Anu2000" uid="11023202">
  <nd ref="7473976948"/>
  <nd ref="7473976949"/>
  <nd ref="7473976950"/>
  <nd ref="7473976951"/>
  <nd ref="7473976952"/>
  <nd ref="7473976953"/>
  <nd ref="7473976948"/>
  <tag k="building" v="house"/>
 </way>
 <way id="799158123" visible="true" version="1" changeset="84527824" timestamp="2020-05-02T16:12:18Z" user="Anu2000" uid="11023202">
  <nd ref="7473976954"/>
  <nd ref="7473976955"/>
  <nd ref="7473976956"/>
  <nd ref="7473976957"/>
  <nd ref="7473976958"/>
  <nd ref="7473976954"/>
  <tag k="building" v="house"/>
 </way>
 <way id="799158124" visible="true" version="1" changeset="84527824" timestamp="2020-05-02T16:12:18Z" user="Anu2000" uid="11023202">
  <nd ref="7473976959"/>
  <nd ref="7473976960"/>
  <nd ref="7473976961"/>
  <nd ref="7473976962"/>
  <nd ref="7473976959"/>
  <tag k="building" v="house"/>
 </way>
 <way id="799158125" visible="true" version="1" changeset="84527824" timestamp="2020-05-02T16:12:18Z" user="Anu2000" uid="11023202">
  <nd ref="7473976963"/>
  <nd ref="7473976964"/>
  <nd ref="7473976965"/>
  <nd ref="7473976966"/>
  <nd ref="7473976963"/>
  <tag k="building" v="house"/>
 </way>
 <way id="799158126" visible="true" version="1" changeset="84527824" timestamp="2020-05-02T16:12:18Z" user="Anu2000" uid="11023202">
  <nd ref="7473976967"/>
  <nd ref="7473976968"/>
  <nd ref="7473976969"/>
  <nd ref="7473976970"/>
  <nd ref="7473976967"/>
  <tag k="building" v="house"/>
 </way>
 <way id="799158127" visible="true" version="1" changeset="84527824" timestamp="2020-05-02T16:12:18Z" user="Anu2000" uid="11023202">
  <nd ref="7473976971"/>
  <nd ref="7473976972"/>
  <nd ref="7473976973"/>
  <nd ref="7473976974"/>
  <nd ref="7473976971"/>
  <tag k="building" v="house"/>
 </way>
 <way id="799158128" visible="true" version="1" changeset="84527824" timestamp="2020-05-02T16:12:18Z" user="Anu2000" uid="11023202">
  <nd ref="7473976975"/>
  <nd ref="7473976976"/>
  <nd ref="7473976977"/>
  <nd ref="7473976978"/>
  <nd ref="7473976975"/>
  <tag k="building" v="house"/>
 </way>
 <way id="799196923" visible="true" version="1" changeset="84533060" timestamp="2020-05-02T18:40:22Z" user="Aasiya R" uid="11105577">
  <nd ref="7474288029"/>
  <nd ref="7474288030"/>
  <nd ref="7474288031"/>
  <nd ref="7474288032"/>
  <nd ref="7474288029"/>
  <tag k="building" v="house"/>
 </way>
 <way id="799196924" visible="true" version="1" changeset="84533060" timestamp="2020-05-02T18:40:22Z" user="Aasiya R" uid="11105577">
  <nd ref="7474288033"/>
  <nd ref="7474288034"/>
  <nd ref="7474288035"/>
  <nd ref="7474288036"/>
  <nd ref="7474288033"/>
  <tag k="building" v="house"/>
 </way>
 <way id="799196925" visible="true" version="1" changeset="84533060" timestamp="2020-05-02T18:40:22Z" user="Aasiya R" uid="11105577">
  <nd ref="7474288037"/>
  <nd ref="7474288038"/>
  <nd ref="7474288039"/>
  <nd ref="7474288040"/>
  <nd ref="7474288037"/>
  <tag k="building" v="house"/>
 </way>
 <way id="800803331" visible="true" version="1" changeset="84775569" timestamp="2020-05-06T17:40:53Z" user="Abhyshek R" uid="11115937">
  <nd ref="7490154869"/>
  <nd ref="7490154870"/>
  <nd ref="7490154871"/>
  <nd ref="7490154872"/>
  <nd ref="7490154869"/>
  <tag k="building" v="yes"/>
 </way>
 <way id="801857196" visible="true" version="4" changeset="140101327" timestamp="2023-08-19T16:12:16Z" user="Dinsh" uid="10923610">
  <nd ref="4456248315"/>
  <nd ref="6970729804"/>
  <nd ref="11128342725"/>
  <nd ref="6970729803"/>
  <nd ref="6970729802"/>
  <nd ref="7578693100"/>
  <nd ref="7578693101"/>
  <nd ref="7463687805"/>
  <nd ref="10568535447"/>
  <nd ref="7463687806"/>
  <tag k="highway" v="residential"/>
 </way>
 <way id="802414360" visible="true" version="2" changeset="168060354" timestamp="2025-06-24T17:38:59Z" user="Vis_M" uid="16611791">
  <nd ref="7505818540"/>
  <nd ref="7505818541"/>
  <tag k="bridge" v="yes"/>
  <tag k="highway" v="secondary"/>
  <tag k="lanes" v="2"/>
  <tag k="layer" v="1"/>
  <tag k="name" v="Kulathoor Road"/>
  <tag k="oneway" v="no"/>
  <tag k="ref" v="MDR"/>
  <tag k="surface" v="asphalt"/>
 </way>
 <way id="802414361" visible="true" version="15" changeset="168060354" timestamp="2025-06-24T17:38:59Z" user="Vis_M" uid="16611791">
  <nd ref="7505818541"/>
  <nd ref="11128139980"/>
  <nd ref="10568535430"/>
  <nd ref="4464656552"/>
  <nd ref="6988580496"/>
  <nd ref="2168308949"/>
  <nd ref="2168308951"/>
  <nd ref="2168308950"/>
  <nd ref="7579374732"/>
  <nd ref="2168308952"/>
  <nd ref="7463136975"/>
  <nd ref="2168308948"/>
  <nd ref="12078084046"/>
  <nd ref="5418169395"/>
  <nd ref="7463722724"/>
  <nd ref="5418169397"/>
  <nd ref="1141008516"/>
  <nd ref="7579563220"/>
  <nd ref="5418169400"/>
  <nd ref="1141008580"/>
  <nd ref="4658672006"/>
  <nd ref="7579563224"/>
  <nd ref="1141007440"/>
  <nd ref="5418169410"/>
  <nd ref="5418169411"/>
  <nd ref="7507256937"/>
  <nd ref="1141008533"/>
  <nd ref="7507256927"/>
  <nd ref="7579751328"/>
  <nd ref="7012895947"/>
  <nd ref="7507256958"/>
  <nd ref="1141007339"/>
  <nd ref="7507257889"/>
  <nd ref="5418169413"/>
  <nd ref="7579751333"/>
  <nd ref="6978676619"/>
  <nd ref="7507257892"/>
  <nd ref="1141007471"/>
  <nd ref="5418169418"/>
  <nd ref="1141008030"/>
  <tag k="highway" v="secondary"/>
  <tag k="lane_markings" v="yes"/>
  <tag k="lanes" v="2"/>
  <tag k="name" v="Kulathoor Road"/>
  <tag k="oneway" v="no"/>
  <tag k="ref" v="MDR"/>
  <tag k="surface" v="asphalt"/>
 </way>
 <way id="802487155" visible="true" version="2" changeset="85891434" timestamp="2020-05-28T12:44:09Z" user="VLD149" uid="10979429">
  <nd ref="7452819732"/>
  <nd ref="7506459608"/>
  <nd ref="7506459609"/>
  <nd ref="7506459610"/>
  <nd ref="7506459611"/>
  <tag k="highway" v="residential"/>
  <tag k="source" v="digitalglobe"/>
 </way>
 <way id="802539878" visible="true" version="7" changeset="170093779" timestamp="2025-08-07T08:30:44Z" user="Anandhu SJ" uid="17423449">
  <nd ref="7579751355"/>
  <nd ref="4464656532"/>
  <nd ref="4464656533"/>
  <nd ref="4464656534"/>
  <nd ref="4464656535"/>
  <nd ref="4464656536"/>
  <nd ref="4464656541"/>
  <nd ref="4464656542"/>
  <nd ref="13055815505"/>
  <tag k="highway" v="track"/>
  <tag k="motor_vehicle" v="no"/>
  <tag k="name" v="Technopark Phase 3 substation Road"/>
  <tag k="surface" v="unpaved"/>
 </way>
 <way id="810571420" visible="true" version="2" changeset="164669767" timestamp="2025-04-08T09:32:37Z" user="nileshbarawkar" uid="16275544">
  <nd ref="7578693107"/>
  <nd ref="6978662756"/>
  <tag k="highway" v="residential"/>
  <tag k="source" v="digitalglobe"/>
 </way>
 <way id="810571421" visible="true" version="2" changeset="131479506" timestamp="2023-01-19T19:15:15Z" user="PlaneMad" uid="1306">
  <nd ref="10568535446"/>
  <nd ref="7578693107"/>
  <nd ref="7578693108"/>
  <nd ref="7578693109"/>
  <tag k="highway" v="residential"/>
  <tag k="source" v="digitalglobe"/>
 </way>
 <way id="902979863" visible="true" version="4" changeset="170814648" timestamp="2025-08-22T07:34:57Z" user="sathya sp" uid="17827775">
  <nd ref="13055812932"/>
  <nd ref="13088685465"/>
  <nd ref="13055812931"/>
  <nd ref="13088685464"/>
  <nd ref="13088685463"/>
  <nd ref="13088685462"/>
  <nd ref="13088685461"/>
  <nd ref="13088685460"/>
  <nd ref="13055812930"/>
  <nd ref="13088685459"/>
  <nd ref="13088685458"/>
  <nd ref="13088685457"/>
  <nd ref="13088685456"/>
  <nd ref="13088685455"/>
  <nd ref="13088685454"/>
  <nd ref="13088685453"/>
  <nd ref="13088685452"/>
  <nd ref="13055812929"/>
  <nd ref="13088685451"/>
  <nd ref="13088685450"/>
  <nd ref="8386747479"/>
  <nd ref="13088685449"/>
  <nd ref="13088685447"/>
  <nd ref="13088685448"/>
  <nd ref="8386747478"/>
  <tag k="waterway" v="stream"/>
 </way>
 <way id="902979867" visible="true" version="3" changeset="170821994" timestamp="2025-08-22T10:02:47Z" user="sathya sp" uid="17827775">
  <nd ref="8386747513"/>
  <nd ref="13088870304"/>
  <nd ref="13088714231"/>
  <nd ref="13088714230"/>
  <nd ref="13088714229"/>
  <nd ref="13088714228"/>
  <nd ref="13088714227"/>
  <nd ref="8386747505"/>
  <nd ref="13088714226"/>
  <nd ref="13088714225"/>
  <nd ref="13088714224"/>
  <nd ref="13088714223"/>
  <nd ref="8386747506"/>
  <nd ref="13088714222"/>
  <nd ref="13088714221"/>
  <nd ref="13088714220"/>
  <nd ref="13088714219"/>
  <nd ref="13088714218"/>
  <nd ref="13088714217"/>
  <nd ref="8386747507"/>
  <nd ref="13088714216"/>
  <nd ref="13088714215"/>
  <nd ref="13088714214"/>
  <nd ref="13088714213"/>
  <nd ref="13088714212"/>
  <nd ref="13088714211"/>
  <nd ref="13088714210"/>
  <nd ref="13088714209"/>
  <nd ref="13088714208"/>
  <nd ref="8386747508"/>
  <nd ref="13088714207"/>
  <nd ref="13088714206"/>
  <nd ref="13088714205"/>
  <nd ref="13088714204"/>
  <nd ref="13088714203"/>
  <nd ref="13088714202"/>
  <nd ref="8386747509"/>
  <nd ref="13088714201"/>
  <nd ref="13088714200"/>
  <nd ref="13088714199"/>
  <nd ref="13088714198"/>
  <nd ref="13088714197"/>
  <nd ref="13088714196"/>
  <nd ref="13088714195"/>
  <nd ref="13088714194"/>
  <nd ref="13088714193"/>
  <nd ref="13088714192"/>
  <nd ref="13088714191"/>
  <nd ref="13088714190"/>
  <nd ref="13088714189"/>
  <nd ref="13088714188"/>
  <nd ref="13088714187"/>
  <nd ref="13088714186"/>
  <nd ref="13088714185"/>
  <nd ref="13088714184"/>
  <nd ref="8386747510"/>
  <nd ref="13088714183"/>
  <nd ref="13088714182"/>
  <nd ref="13088714181"/>
  <nd ref="7452862092"/>
  <tag k="waterway" v="stream"/>
 </way>
 <way id="1133549429" visible="true" version="3" changeset="154510982" timestamp="2024-07-28T08:58:41Z" user="sovereign_khoipm" uid="21732267">
  <nd ref="12078084019"/>
  <nd ref="10568535448"/>
  <nd ref="10568535447"/>
  <tag k="highway" v="living_street"/>
 </way>
 <way id="1199937345" visible="true" version="1" changeset="140099836" timestamp="2023-08-19T15:34:51Z" user="Dinsh" uid="10923610">
  <nd ref="11128292971"/>
  <nd ref="11128290563"/>
  <nd ref="11128293688"/>
  <nd ref="11128290151"/>
  <nd ref="11128291724"/>
  <nd ref="11128290476"/>
  <nd ref="11128291629"/>
  <nd ref="11128289549"/>
  <nd ref="11128292971"/>
  <tag k="building" v="yes"/>
  <tag k="source" v="microsoft/BuildingFootprints"/>
 </way>
 <way id="1199937366" visible="true" version="1" changeset="140099836" timestamp="2023-08-19T15:34:51Z" user="Dinsh" uid="10923610">
  <nd ref="11128292366"/>
  <nd ref="11128290008"/>
  <nd ref="11128290974"/>
  <nd ref="11128291423"/>
  <nd ref="11128292366"/>
  <tag k="building" v="yes"/>
  <tag k="source" v="microsoft/BuildingFootprints"/>
 </way>
 <way id="1199937368" visible="true" version="1" changeset="140099836" timestamp="2023-08-19T15:34:51Z" user="Dinsh" uid="10923610">
  <nd ref="11128291215"/>
  <nd ref="11128289441"/>
  <nd ref="11128293045"/>
  <nd ref="11128292963"/>
  <nd ref="11128291215"/>
  <tag k="building" v="yes"/>
  <tag k="source" v="microsoft/BuildingFootprints"/>
 </way>
 <way id="1199937421" visible="true" version="1" changeset="140099836" timestamp="2023-08-19T15:34:51Z" user="Dinsh" uid="10923610">
  <nd ref="11128293095"/>
  <nd ref="11128292084"/>
  <nd ref="11128291309"/>
  <nd ref="11128290604"/>
  <nd ref="11128293095"/>
  <tag k="building" v="yes"/>
  <tag k="source" v="microsoft/BuildingFootprints"/>
 </way>
 <way id="1199937424" visible="true" version="1" changeset="140099836" timestamp="2023-08-19T15:34:51Z" user="Dinsh" uid="10923610">
  <nd ref="11128289565"/>
  <nd ref="11128291066"/>
  <nd ref="11128289461"/>
  <nd ref="11128291254"/>
  <nd ref="11128289565"/>
  <tag k="building" v="yes"/>
  <tag k="source" v="microsoft/BuildingFootprints"/>
 </way>
 <way id="1199937426" visible="true" version="1" changeset="140099836" timestamp="2023-08-19T15:34:51Z" user="Dinsh" uid="10923610">
  <nd ref="11128291794"/>
  <nd ref="11128292634"/>
  <nd ref="11128290394"/>
  <nd ref="11128292935"/>
  <nd ref="11128291794"/>
  <tag k="building" v="yes"/>
  <tag k="source" v="microsoft/BuildingFootprints"/>
 </way>
 <way id="1199937446" visible="true" version="1" changeset="140099836" timestamp="2023-08-19T15:34:51Z" user="Dinsh" uid="10923610">
  <nd ref="11128292464"/>
  <nd ref="11128292367"/>
  <nd ref="11128289934"/>
  <nd ref="11128290219"/>
  <nd ref="11128292464"/>
  <tag k="building" v="yes"/>
  <tag k="source" v="microsoft/BuildingFootprints"/>
 </way>
 <way id="1199937507" visible="true" version="1" changeset="140099836" timestamp="2023-08-19T15:34:51Z" user="Dinsh" uid="10923610">
  <nd ref="11128291504"/>
  <nd ref="11128292079"/>
  <nd ref="11128292192"/>
  <nd ref="11128290496"/>
  <nd ref="11128291504"/>
  <tag k="building" v="yes"/>
  <tag k="source" v="microsoft/BuildingFootprints"/>
 </way>
 <way id="1199937520" visible="true" version="1" changeset="140099836" timestamp="2023-08-19T15:34:51Z" user="Dinsh" uid="10923610">
  <nd ref="11128291418"/>
  <nd ref="11128291588"/>
  <nd ref="11128292161"/>
  <nd ref="11128291903"/>
  <nd ref="11128291418"/>
  <tag k="building" v="yes"/>
  <tag k="source" v="microsoft/BuildingFootprints"/>
 </way>
 <way id="1199937538" visible="true" version="1" changeset="140099836" timestamp="2023-08-19T15:34:51Z" user="Dinsh" uid="10923610">
  <nd ref="11128290445"/>
  <nd ref="11128291513"/>
  <nd ref="11128290539"/>
  <nd ref="11128290830"/>
  <nd ref="11128290445"/>
  <tag k="building" v="yes"/>
  <tag k="source" v="microsoft/BuildingFootprints"/>
 </way>
 <way id="1199937543" visible="true" version="1" changeset="140099836" timestamp="2023-08-19T15:34:51Z" user="Dinsh" uid="10923610">
  <nd ref="11128292048"/>
  <nd ref="11128290944"/>
  <nd ref="11128276608"/>
  <nd ref="11128292109"/>
  <nd ref="11128293367"/>
  <nd ref="11128292920"/>
  <nd ref="11128292048"/>
  <tag k="building" v="yes"/>
  <tag k="source" v="microsoft/BuildingFootprints"/>
 </way>
 <way id="1199937548" visible="true" version="1" changeset="140099836" timestamp="2023-08-19T15:34:51Z" user="Dinsh" uid="10923610">
  <nd ref="11128290819"/>
  <nd ref="11128293670"/>
  <nd ref="11128291523"/>
  <nd ref="11128293001"/>
  <nd ref="11128290819"/>
  <tag k="building" v="yes"/>
  <tag k="source" v="microsoft/BuildingFootprints"/>
 </way>
 <way id="1199937611" visible="true" version="1" changeset="140099836" timestamp="2023-08-19T15:34:51Z" user="Dinsh" uid="10923610">
  <nd ref="11128289802"/>
  <nd ref="11128289435"/>
  <nd ref="11128291995"/>
  <nd ref="11128291871"/>
  <nd ref="11128289802"/>
  <tag k="building" v="yes"/>
  <tag k="source" v="microsoft/BuildingFootprints"/>
 </way>
 <way id="1199937617" visible="true" version="1" changeset="140099836" timestamp="2023-08-19T15:34:51Z" user="Dinsh" uid="10923610">
  <nd ref="11128293489"/>
  <nd ref="11128292047"/>
  <nd ref="11128290017"/>
  <nd ref="11128289783"/>
  <nd ref="11128293489"/>
  <tag k="building" v="yes"/>
  <tag k="source" v="microsoft/BuildingFootprints"/>
 </way>
 <way id="1199937621" visible="true" version="1" changeset="140099836" timestamp="2023-08-19T15:34:51Z" user="Dinsh" uid="10923610">
  <nd ref="11128291106"/>
  <nd ref="11128291003"/>
  <nd ref="11128290069"/>
  <nd ref="11128292553"/>
  <nd ref="11128291106"/>
  <tag k="building" v="yes"/>
  <tag k="source" v="microsoft/BuildingFootprints"/>
 </way>
 <way id="1199937627" visible="true" version="1" changeset="140099836" timestamp="2023-08-19T15:34:51Z" user="Dinsh" uid="10923610">
  <nd ref="11128290678"/>
  <nd ref="11128292154"/>
  <nd ref="11128289790"/>
  <nd ref="11128292405"/>
  <nd ref="11128290127"/>
  <nd ref="11128292646"/>
  <nd ref="11128290678"/>
  <tag k="building" v="yes"/>
  <tag k="source" v="microsoft/BuildingFootprints"/>
 </way>
 <way id="1199937679" visible="true" version="1" changeset="140099836" timestamp="2023-08-19T15:34:51Z" user="Dinsh" uid="10923610">
  <nd ref="11128289683"/>
  <nd ref="11128290928"/>
  <nd ref="11128290547"/>
  <nd ref="11128292841"/>
  <nd ref="11128289683"/>
  <tag k="building" v="yes"/>
  <tag k="source" v="microsoft/BuildingFootprints"/>
 </way>
 <way id="1199937737" visible="true" version="1" changeset="140099836" timestamp="2023-08-19T15:34:51Z" user="Dinsh" uid="10923610">
  <nd ref="11128293377"/>
  <nd ref="11128293030"/>
  <nd ref="11128291575"/>
  <nd ref="11128290991"/>
  <nd ref="11128293377"/>
  <tag k="building" v="yes"/>
  <tag k="source" v="microsoft/BuildingFootprints"/>
 </way>
 <way id="1199937780" visible="true" version="1" changeset="140099836" timestamp="2023-08-19T15:34:53Z" user="Dinsh" uid="10923610">
  <nd ref="11128293726"/>
  <nd ref="11128292178"/>
  <nd ref="11128291412"/>
  <nd ref="11128289734"/>
  <nd ref="11128293726"/>
  <tag k="building" v="yes"/>
  <tag k="source" v="microsoft/BuildingFootprints"/>
 </way>
 <way id="1199937806" visible="true" version="1" changeset="140099836" timestamp="2023-08-19T15:34:53Z" user="Dinsh" uid="10923610">
  <nd ref="11128291334"/>
  <nd ref="11128289730"/>
  <nd ref="11128291801"/>
  <nd ref="11128290807"/>
  <nd ref="11128291334"/>
  <tag k="building" v="yes"/>
  <tag k="source" v="microsoft/BuildingFootprints"/>
 </way>
 <way id="1199937809" visible="true" version="1" changeset="140099836" timestamp="2023-08-19T15:34:53Z" user="Dinsh" uid="10923610">
  <nd ref="11128290087"/>
  <nd ref="11128292396"/>
  <nd ref="11128290976"/>
  <nd ref="11128293576"/>
  <nd ref="11128290087"/>
  <tag k="building" v="yes"/>
  <tag k="source" v="microsoft/BuildingFootprints"/>
 </way>
 <way id="1199937885" visible="true" version="1" changeset="140099836" timestamp="2023-08-19T15:34:53Z" user="Dinsh" uid="10923610">
  <nd ref="11128291721"/>
  <nd ref="11128291929"/>
  <nd ref="11128280388"/>
  <nd ref="11128292516"/>
  <nd ref="11128291721"/>
  <tag k="building" v="yes"/>
  <tag k="source" v="microsoft/BuildingFootprints"/>
 </way>
 <way id="1199937898" visible="true" version="1" changeset="140099836" timestamp="2023-08-19T15:34:53Z" user="Dinsh" uid="10923610">
  <nd ref="11128293135"/>
  <nd ref="11128291674"/>
  <nd ref="11128293631"/>
  <nd ref="11128280354"/>
  <nd ref="11128293135"/>
  <tag k="building" v="yes"/>
  <tag k="source" v="microsoft/BuildingFootprints"/>
 </way>
 <way id="1199937949" visible="true" version="1" changeset="140099836" timestamp="2023-08-19T15:34:53Z" user="Dinsh" uid="10923610">
  <nd ref="11128290070"/>
  <nd ref="11128289580"/>
  <nd ref="11128289546"/>
  <nd ref="11128292130"/>
  <nd ref="11128290070"/>
  <tag k="building" v="yes"/>
  <tag k="source" v="microsoft/BuildingFootprints"/>
 </way>
 <way id="1199937984" visible="true" version="1" changeset="140099836" timestamp="2023-08-19T15:34:53Z" user="Dinsh" uid="10923610">
  <nd ref="11128280316"/>
  <nd ref="11128291322"/>
  <nd ref="11128292561"/>
  <nd ref="11128291424"/>
  <nd ref="11128280316"/>
  <tag k="building" v="yes"/>
  <tag k="source" v="microsoft/BuildingFootprints"/>
 </way>
 <way id="1199938000" visible="true" version="1" changeset="140099836" timestamp="2023-08-19T15:34:53Z" user="Dinsh" uid="10923610">
  <nd ref="11128292021"/>
  <nd ref="11128293633"/>
  <nd ref="11128291948"/>
  <nd ref="11128292600"/>
  <nd ref="11128292021"/>
  <tag k="building" v="yes"/>
  <tag k="source" v="microsoft/BuildingFootprints"/>
 </way>
 <way id="1199938022" visible="true" version="1" changeset="140099836" timestamp="2023-08-19T15:34:53Z" user="Dinsh" uid="10923610">
  <nd ref="11128289408"/>
  <nd ref="11128290954"/>
  <nd ref="11128290901"/>
  <nd ref="11128291962"/>
  <nd ref="11128289408"/>
  <tag k="building" v="yes"/>
  <tag k="source" v="microsoft/BuildingFootprints"/>
 </way>
 <way id="1199938027" visible="true" version="1" changeset="140099836" timestamp="2023-08-19T15:34:53Z" user="Dinsh" uid="10923610">
  <nd ref="11128290009"/>
  <nd ref="11128292082"/>
  <nd ref="11128293326"/>
  <nd ref="11128291174"/>
  <nd ref="11128290009"/>
  <tag k="building" v="yes"/>
  <tag k="source" v="microsoft/BuildingFootprints"/>
 </way>
 <way id="1199938040" visible="true" version="1" changeset="140099836" timestamp="2023-08-19T15:34:53Z" user="Dinsh" uid="10923610">
  <nd ref="11128229988"/>
  <nd ref="11128292978"/>
  <nd ref="11128291400"/>
  <nd ref="11128291612"/>
  <nd ref="11128289643"/>
  <nd ref="11128293598"/>
  <nd ref="11128229988"/>
  <tag k="building" v="yes"/>
  <tag k="source" v="microsoft/BuildingFootprints"/>
 </way>
 <way id="1199938045" visible="true" version="1" changeset="140099836" timestamp="2023-08-19T15:34:53Z" user="Dinsh" uid="10923610">
  <nd ref="11128293306"/>
  <nd ref="11128293160"/>
  <nd ref="11128276776"/>
  <nd ref="11128290051"/>
  <nd ref="11128291985"/>
  <nd ref="11128289850"/>
  <nd ref="11128293306"/>
  <tag k="building" v="yes"/>
  <tag k="source" v="microsoft/BuildingFootprints"/>
 </way>
 <way id="1199938134" visible="true" version="1" changeset="140099836" timestamp="2023-08-19T15:34:53Z" user="Dinsh" uid="10923610">
  <nd ref="11128291940"/>
  <nd ref="11128290161"/>
  <nd ref="11128289938"/>
  <nd ref="11128291494"/>
  <nd ref="11128289696"/>
  <nd ref="11128290636"/>
  <nd ref="11128280347"/>
  <nd ref="11128290479"/>
  <nd ref="11128291940"/>
  <tag k="building" v="yes"/>
  <tag k="source" v="microsoft/BuildingFootprints"/>
 </way>
 <way id="1199938135" visible="true" version="1" changeset="140099836" timestamp="2023-08-19T15:34:53Z" user="Dinsh" uid="10923610">
  <nd ref="11128289427"/>
  <nd ref="11128289931"/>
  <nd ref="11128290122"/>
  <nd ref="11128292899"/>
  <nd ref="11128291966"/>
  <nd ref="11128290923"/>
  <nd ref="11128289427"/>
  <tag k="building" v="yes"/>
  <tag k="source" v="microsoft/BuildingFootprints"/>
 </way>
 <way id="1199938155" visible="true" version="1" changeset="140099836" timestamp="2023-08-19T15:34:53Z" user="Dinsh" uid="10923610">
  <nd ref="11128293376"/>
  <nd ref="11128290306"/>
  <nd ref="11128276765"/>
  <nd ref="11128291483"/>
  <nd ref="11128293376"/>
  <tag k="building" v="yes"/>
  <tag k="source" v="microsoft/BuildingFootprints"/>
 </way>
 <way id="1199938167" visible="true" version="1" changeset="140099836" timestamp="2023-08-19T15:34:53Z" user="Dinsh" uid="10923610">
  <nd ref="11128291572"/>
  <nd ref="11128293547"/>
  <nd ref="11128292030"/>
  <nd ref="11128290385"/>
  <nd ref="11128291572"/>
  <tag k="building" v="yes"/>
  <tag k="source" v="microsoft/BuildingFootprints"/>
 </way>
 <way id="1199938179" visible="true" version="1" changeset="140099836" timestamp="2023-08-19T15:34:53Z" user="Dinsh" uid="10923610">
  <nd ref="11128290662"/>
  <nd ref="11128292074"/>
  <nd ref="11128291527"/>
  <nd ref="11128291462"/>
  <nd ref="11128291756"/>
  <nd ref="11128289959"/>
  <nd ref="11128290662"/>
  <tag k="building" v="yes"/>
  <tag k="source" v="microsoft/BuildingFootprints"/>
 </way>
 <way id="1199938260" visible="true" version="1" changeset="140099836" timestamp="2023-08-19T15:34:53Z" user="Dinsh" uid="10923610">
  <nd ref="11128292618"/>
  <nd ref="11128276641"/>
  <nd ref="11128293163"/>
  <nd ref="11128291863"/>
  <nd ref="11128292618"/>
  <tag k="building" v="yes"/>
  <tag k="source" v="microsoft/BuildingFootprints"/>
 </way>
 <way id="1199946011" visible="true" version="1" changeset="140101327" timestamp="2023-08-19T16:12:13Z" user="Dinsh" uid="10923610">
  <nd ref="11128347615"/>
  <nd ref="11128344932"/>
  <nd ref="11128347300"/>
  <nd ref="11128344977"/>
  <nd ref="11128347615"/>
  <tag k="building" v="yes"/>
  <tag k="source" v="microsoft/BuildingFootprints"/>
 </way>
 <way id="1199946012" visible="true" version="1" changeset="140101327" timestamp="2023-08-19T16:12:13Z" user="Dinsh" uid="10923610">
  <nd ref="11128346458"/>
  <nd ref="11128346136"/>
  <nd ref="11128348439"/>
  <nd ref="11128346604"/>
  <nd ref="11128346458"/>
  <tag k="building" v="yes"/>
  <tag k="source" v="microsoft/BuildingFootprints"/>
 </way>
 <way id="1199946028" visible="true" version="1" changeset="140101327" timestamp="2023-08-19T16:12:13Z" user="Dinsh" uid="10923610">
  <nd ref="11128346539"/>
  <nd ref="11128347877"/>
  <nd ref="11128348653"/>
  <nd ref="11128347746"/>
  <nd ref="11128346539"/>
  <tag k="building" v="yes"/>
  <tag k="source" v="microsoft/BuildingFootprints"/>
 </way>
 <way id="1199946077" visible="true" version="1" changeset="140101327" timestamp="2023-08-19T16:12:13Z" user="Dinsh" uid="10923610">
  <nd ref="11128347076"/>
  <nd ref="11128347021"/>
  <nd ref="11128348788"/>
  <nd ref="11128344814"/>
  <nd ref="11128347076"/>
  <tag k="building" v="yes"/>
  <tag k="source" v="microsoft/BuildingFootprints"/>
 </way>
 <way id="1199946103" visible="true" version="1" changeset="140101327" timestamp="2023-08-19T16:12:13Z" user="Dinsh" uid="10923610">
  <nd ref="11128345195"/>
  <nd ref="11128345445"/>
  <nd ref="11128346735"/>
  <nd ref="11128346319"/>
  <nd ref="11128345195"/>
  <tag k="building" v="yes"/>
  <tag k="source" v="microsoft/BuildingFootprints"/>
 </way>
 <way id="1199946119" visible="true" version="1" changeset="140101327" timestamp="2023-08-19T16:12:13Z" user="Dinsh" uid="10923610">
  <nd ref="11128348440"/>
  <nd ref="11128323891"/>
  <nd ref="11128348300"/>
  <nd ref="11128346523"/>
  <nd ref="11128348440"/>
  <tag k="building" v="yes"/>
  <tag k="source" v="microsoft/BuildingFootprints"/>
 </way>
 <way id="1199946129" visible="true" version="1" changeset="140101327" timestamp="2023-08-19T16:12:13Z" user="Dinsh" uid="10923610">
  <nd ref="11128348679"/>
  <nd ref="11128348458"/>
  <nd ref="11128347470"/>
  <nd ref="11128347713"/>
  <nd ref="11128348509"/>
  <nd ref="11128329770"/>
  <nd ref="11128345306"/>
  <nd ref="11128329741"/>
  <nd ref="11128348548"/>
  <nd ref="11128348322"/>
  <nd ref="11128348679"/>
  <tag k="building" v="yes"/>
  <tag k="source" v="microsoft/BuildingFootprints"/>
 </way>
 <way id="1199946148" visible="true" version="1" changeset="140101327" timestamp="2023-08-19T16:12:13Z" user="Dinsh" uid="10923610">
  <nd ref="11128348808"/>
  <nd ref="11128344839"/>
  <nd ref="11128347530"/>
  <nd ref="11128347439"/>
  <nd ref="11128348808"/>
  <tag k="building" v="yes"/>
  <tag k="source" v="microsoft/BuildingFootprints"/>
 </way>
 <way id="1199946167" visible="true" version="1" changeset="140101327" timestamp="2023-08-19T16:12:13Z" user="Dinsh" uid="10923610">
  <nd ref="11128348642"/>
  <nd ref="11128348837"/>
  <nd ref="11128347791"/>
  <nd ref="11128344755"/>
  <nd ref="11128348642"/>
  <tag k="building" v="yes"/>
  <tag k="source" v="microsoft/BuildingFootprints"/>
 </way>
 <way id="1199946187" visible="true" version="1" changeset="140101327" timestamp="2023-08-19T16:12:13Z" user="Dinsh" uid="10923610">
  <nd ref="11128347252"/>
  <nd ref="11128345545"/>
  <nd ref="11128347811"/>
  <nd ref="11128345248"/>
  <nd ref="11128348073"/>
  <nd ref="11128345150"/>
  <nd ref="11128347252"/>
  <tag k="building" v="yes"/>
  <tag k="source" v="microsoft/BuildingFootprints"/>
 </way>
 <way id="1199946210" visible="true" version="1" changeset="140101327" timestamp="2023-08-19T16:12:13Z" user="Dinsh" uid="10923610">
  <nd ref="11128346948"/>
  <nd ref="11128347086"/>
  <nd ref="11128344705"/>
  <nd ref="11128347971"/>
  <nd ref="11128346948"/>
  <tag k="building" v="yes"/>
  <tag k="source" v="microsoft/BuildingFootprints"/>
 </way>
 <way id="1199946217" visible="true" version="1" changeset="140101327" timestamp="2023-08-19T16:12:13Z" user="Dinsh" uid="10923610">
  <nd ref="11128348360"/>
  <nd ref="11128346481"/>
  <nd ref="11128348074"/>
  <nd ref="11128344709"/>
  <nd ref="11128348360"/>
  <tag k="building" v="yes"/>
  <tag k="source" v="microsoft/BuildingFootprints"/>
 </way>
 <way id="1199946307" visible="true" version="1" changeset="140101327" timestamp="2023-08-19T16:12:13Z" user="Dinsh" uid="10923610">
  <nd ref="11128348040"/>
  <nd ref="11128345775"/>
  <nd ref="11128348171"/>
  <nd ref="11128346789"/>
  <nd ref="11128348040"/>
  <tag k="building" v="yes"/>
  <tag k="source" v="microsoft/BuildingFootprints"/>
 </way>
 <way id="1199946334" visible="true" version="1" changeset="140101327" timestamp="2023-08-19T16:12:13Z" user="Dinsh" uid="10923610">
  <nd ref="11128347074"/>
  <nd ref="11128346120"/>
  <nd ref="11128346827"/>
  <nd ref="11128347788"/>
  <nd ref="11128347074"/>
  <tag k="building" v="yes"/>
  <tag k="source" v="microsoft/BuildingFootprints"/>
 </way>
 <way id="1199946354" visible="true" version="1" changeset="140101327" timestamp="2023-08-19T16:12:13Z" user="Dinsh" uid="10923610">
  <nd ref="11128346313"/>
  <nd ref="11128346476"/>
  <nd ref="11128348250"/>
  <nd ref="11128345453"/>
  <nd ref="11128346313"/>
  <tag k="building" v="yes"/>
  <tag k="source" v="microsoft/BuildingFootprints"/>
 </way>
 <way id="1199946376" visible="true" version="1" changeset="140101327" timestamp="2023-08-19T16:12:13Z" user="Dinsh" uid="10923610">
  <nd ref="11128348198"/>
  <nd ref="11128346714"/>
  <nd ref="11128348135"/>
  <nd ref="11128348716"/>
  <nd ref="11128347710"/>
  <nd ref="11128344920"/>
  <nd ref="11128348198"/>
  <tag k="building" v="yes"/>
  <tag k="source" v="microsoft/BuildingFootprints"/>
 </way>
 <way id="1199946394" visible="true" version="1" changeset="140101327" timestamp="2023-08-19T16:12:13Z" user="Dinsh" uid="10923610">
  <nd ref="11128347249"/>
  <nd ref="11128347688"/>
  <nd ref="11128345909"/>
  <nd ref="11128346547"/>
  <nd ref="11128347595"/>
  <nd ref="11128348947"/>
  <nd ref="11128347249"/>
  <tag k="building" v="yes"/>
  <tag k="source" v="microsoft/BuildingFootprints"/>
 </way>
 <way id="1199946404" visible="true" version="1" changeset="140101327" timestamp="2023-08-19T16:12:13Z" user="Dinsh" uid="10923610">
  <nd ref="11128348650"/>
  <nd ref="11128347079"/>
  <nd ref="11128348249"/>
  <nd ref="11128344880"/>
  <nd ref="11128348650"/>
  <tag k="building" v="yes"/>
  <tag k="source" v="microsoft/BuildingFootprints"/>
 </way>
 <way id="1199946424" visible="true" version="1" changeset="140101327" timestamp="2023-08-19T16:12:13Z" user="Dinsh" uid="10923610">
  <nd ref="11128345431"/>
  <nd ref="11128347783"/>
  <nd ref="11128348376"/>
  <nd ref="11128345025"/>
  <nd ref="11128345431"/>
  <tag k="building" v="yes"/>
  <tag k="source" v="microsoft/BuildingFootprints"/>
 </way>
 <way id="1199946529" visible="true" version="1" changeset="140101327" timestamp="2023-08-19T16:12:13Z" user="Dinsh" uid="10923610">
  <nd ref="11128348455"/>
  <nd ref="11128348128"/>
  <nd ref="11128341356"/>
  <nd ref="11128345268"/>
  <nd ref="11128348455"/>
  <tag k="building" v="yes"/>
  <tag k="source" v="microsoft/BuildingFootprints"/>
 </way>
 <way id="1199946559" visible="true" version="1" changeset="140101327" timestamp="2023-08-19T16:12:15Z" user="Dinsh" uid="10923610">
  <nd ref="11128348806"/>
  <nd ref="11128345451"/>
  <nd ref="11128330899"/>
  <nd ref="11128348654"/>
  <nd ref="11128348407"/>
  <nd ref="11128341396"/>
  <nd ref="11128348806"/>
  <tag k="building" v="yes"/>
  <tag k="source" v="microsoft/BuildingFootprints"/>
 </way>
 <way id="1199946578" visible="true" version="1" changeset="140101327" timestamp="2023-08-19T16:12:15Z" user="Dinsh" uid="10923610">
  <nd ref="11128346746"/>
  <nd ref="11128346190"/>
  <nd ref="11128347275"/>
  <nd ref="11128344742"/>
  <nd ref="11128346746"/>
  <tag k="building" v="yes"/>
  <tag k="source" v="microsoft/BuildingFootprints"/>
 </way>
 <way id="1199946604" visible="true" version="1" changeset="140101327" timestamp="2023-08-19T16:12:15Z" user="Dinsh" uid="10923610">
  <nd ref="11128341354"/>
  <nd ref="11128347757"/>
  <nd ref="11128345238"/>
  <nd ref="11128348176"/>
  <nd ref="11128341354"/>
  <tag k="building" v="yes"/>
  <tag k="source" v="microsoft/BuildingFootprints"/>
 </way>
 <way id="1199946665" visible="true" version="1" changeset="140101327" timestamp="2023-08-19T16:12:15Z" user="Dinsh" uid="10923610">
  <nd ref="11128348829"/>
  <nd ref="11128347108"/>
  <nd ref="11128348635"/>
  <nd ref="11128345978"/>
  <nd ref="11128348829"/>
  <tag k="building" v="yes"/>
  <tag k="source" v="microsoft/BuildingFootprints"/>
 </way>
 <way id="1199946669" visible="true" version="1" changeset="140101327" timestamp="2023-08-19T16:12:15Z" user="Dinsh" uid="10923610">
  <nd ref="11128347955"/>
  <nd ref="11128346846"/>
  <nd ref="11128346132"/>
  <nd ref="11128348471"/>
  <nd ref="11128347955"/>
  <tag k="building" v="yes"/>
  <tag k="source" v="microsoft/BuildingFootprints"/>
 </way>
 <way id="1199946676" visible="true" version="1" changeset="140101327" timestamp="2023-08-19T16:12:15Z" user="Dinsh" uid="10923610">
  <nd ref="11128348865"/>
  <nd ref="11128348562"/>
  <nd ref="11128348866"/>
  <nd ref="11128346101"/>
  <nd ref="11128348865"/>
  <tag k="building" v="yes"/>
  <tag k="source" v="microsoft/BuildingFootprints"/>
 </way>
 <way id="1199946728" visible="true" version="1" changeset="140101327" timestamp="2023-08-19T16:12:15Z" user="Dinsh" uid="10923610">
  <nd ref="11128346128"/>
  <nd ref="11128345217"/>
  <nd ref="11128348194"/>
  <nd ref="11128346357"/>
  <nd ref="11128346128"/>
  <tag k="building" v="yes"/>
  <tag k="source" v="microsoft/BuildingFootprints"/>
 </way>
 <way id="1199946805" visible="true" version="1" changeset="140101327" timestamp="2023-08-19T16:12:15Z" user="Dinsh" uid="10923610">
  <nd ref="11128347485"/>
  <nd ref="11128346293"/>
  <nd ref="11128346740"/>
  <nd ref="11128348585"/>
  <nd ref="11128347485"/>
  <tag k="building" v="yes"/>
  <tag k="source" v="microsoft/BuildingFootprints"/>
 </way>
 <way id="1199946894" visible="true" version="1" changeset="140101327" timestamp="2023-08-19T16:12:15Z" user="Dinsh" uid="10923610">
  <nd ref="11128345765"/>
  <nd ref="11128346271"/>
  <nd ref="11128347119"/>
  <nd ref="11128348898"/>
  <nd ref="11128345765"/>
  <tag k="building" v="yes"/>
  <tag k="source" v="microsoft/BuildingFootprints"/>
 </way>
 <way id="1199946915" visible="true" version="1" changeset="140101327" timestamp="2023-08-19T16:12:15Z" user="Dinsh" uid="10923610">
  <nd ref="11128342798"/>
  <nd ref="11128348771"/>
  <nd ref="11128345876"/>
  <nd ref="11128345790"/>
  <nd ref="11128342798"/>
  <tag k="building" v="yes"/>
  <tag k="source" v="microsoft/BuildingFootprints"/>
 </way>
 <way id="1199946918" visible="true" version="1" changeset="140101327" timestamp="2023-08-19T16:12:15Z" user="Dinsh" uid="10923610">
  <nd ref="11128348742"/>
  <nd ref="11128348472"/>
  <nd ref="11128348840"/>
  <nd ref="11128347865"/>
  <nd ref="11128348742"/>
  <tag k="building" v="yes"/>
  <tag k="source" v="microsoft/BuildingFootprints"/>
 </way>
 <way id="1199947220" visible="true" version="1" changeset="140101428" timestamp="2023-08-19T16:14:12Z" user="Dinsh" uid="10923610">
  <nd ref="11128351692"/>
  <nd ref="11128351658"/>
  <nd ref="11128351608"/>
  <nd ref="11128351634"/>
  <nd ref="11128351692"/>
  <tag k="building" v="yes"/>
  <tag k="source" v="microsoft/BuildingFootprints"/>
 </way>
 <way id="1199947223" visible="true" version="1" changeset="140101428" timestamp="2023-08-19T16:14:12Z" user="Dinsh" uid="10923610">
  <nd ref="11128337203"/>
  <nd ref="11128351757"/>
  <nd ref="11128351833"/>
  <nd ref="11128351798"/>
  <nd ref="11128337203"/>
  <tag k="building" v="yes"/>
  <tag k="source" v="microsoft/BuildingFootprints"/>
 </way>
 <way id="1199947239" visible="true" version="1" changeset="140101428" timestamp="2023-08-19T16:14:12Z" user="Dinsh" uid="10923610">
  <nd ref="11128351680"/>
  <nd ref="11128351807"/>
  <nd ref="11128351673"/>
  <nd ref="11128337182"/>
  <nd ref="11128351680"/>
  <tag k="building" v="yes"/>
  <tag k="source" v="microsoft/BuildingFootprints"/>
 </way>
 <way id="1304220423" visible="true" version="1" changeset="154510982" timestamp="2024-07-28T08:58:41Z" user="sovereign_khoipm" uid="21732267">
  <nd ref="12078084021"/>
  <nd ref="12078084022"/>
  <nd ref="12078084023"/>
  <tag k="highway" v="residential"/>
 </way>
 <relation id="17193487" visible="true" version="2" changeset="150502731" timestamp="2024-04-25T15:35:47Z" user="Jinoytommanjaly" uid="8769324">
  <member type="relation" ref="17193426" role=""/>
  <member type="relation" ref="17193462" role=""/>
  <member type="relation" ref="17394971" role=""/>
  <member type="relation" ref="17357954" role=""/>
  <member type="relation" ref="17394859" role=""/>
  <member type="relation" ref="17357792" role=""/>
  <member type="relation" ref="17357783" role=""/>
  <member type="relation" ref="17394964" role=""/>
  <member type="relation" ref="17348706" role=""/>
  <member type="relation" ref="17476798" role=""/>
  <member type="relation" ref="17227558" role=""/>
  <member type="relation" ref="17394362" role=""/>
  <member type="relation" ref="17232175" role=""/>
  <member type="relation" ref="17193644" role=""/>
  <member type="relation" ref="17394518" role=""/>
  <member type="relation" ref="17232069" role=""/>
  <member type="relation" ref="17358610" role=""/>
  <member type="relation" ref="17296446" role=""/>
  <member type="relation" ref="17394932" role=""/>
  <member type="relation" ref="17296498" role=""/>
  <member type="relation" ref="17296499" role=""/>
  <member type="relation" ref="17232444" role=""/>
  <member type="relation" ref="17394974" role=""/>
  <member type="relation" ref="17357707" role=""/>
  <member type="relation" ref="17350891" role=""/>
  <member type="relation" ref="17193659" role=""/>
  <member type="relation" ref="17296421" role=""/>
  <member type="relation" ref="17357957" role=""/>
  <member type="relation" ref="17232124" role=""/>
  <member type="relation" ref="17394904" role=""/>
  <member type="relation" ref="17357769" role=""/>
  <member type="relation" ref="17387135" role=""/>
  <member type="relation" ref="17394985" role=""/>
  <member type="relation" ref="17358403" role=""/>
  <member type="relation" ref="17351428" role=""/>
  <member type="relation" ref="17351427" role=""/>
  <member type="relation" ref="17296447" role=""/>
  <member type="relation" ref="17351443" role=""/>
  <member type="relation" ref="17394960" role=""/>
  <member type="relation" ref="17390902" role=""/>
  <member type="relation" ref="17357887" role=""/>
  <member type="relation" ref="17230646" role=""/>
  <member type="relation" ref="17394371" role=""/>
  <member type="relation" ref="17232106" role=""/>
  <member type="relation" ref="17394970" role=""/>
  <member type="relation" ref="17232216" role=""/>
  <member type="relation" ref="17394622" role=""/>
  <member type="relation" ref="17394892" role=""/>
  <member type="relation" ref="17296448" role=""/>
  <member type="relation" ref="17394709" role=""/>
  <member type="relation" ref="17394977" role=""/>
  <member type="relation" ref="17357762" role=""/>
  <member type="relation" ref="17358256" role=""/>
  <member type="relation" ref="17394837" role=""/>
  <member type="relation" ref="17357870" role=""/>
  <member type="relation" ref="17394527" role=""/>
  <member type="relation" ref="17394939" role=""/>
  <member type="relation" ref="17357718" role=""/>
  <member type="relation" ref="17395018" role=""/>
  <member type="relation" ref="17296334" role=""/>
  <member type="relation" ref="17193497" role=""/>
  <member type="relation" ref="17296420" role=""/>
  <member type="relation" ref="17351444" role=""/>
  <member type="relation" ref="17390982" role=""/>
  <member type="relation" ref="17394554" role=""/>
  <member type="relation" ref="17394524" role=""/>
  <member type="relation" ref="17394723" role=""/>
  <member type="relation" ref="17232277" role=""/>
  <member type="relation" ref="17357804" role=""/>
  <member type="relation" ref="17394833" role=""/>
  <member type="relation" ref="17394265" role=""/>
  <member type="relation" ref="17394834" role=""/>
  <member type="relation" ref="17394672" role=""/>
  <member type="relation" ref="17394272" role=""/>
  <member type="relation" ref="17358394" role=""/>
  <member type="relation" ref="17205911" role=""/>
  <member type="relation" ref="17357746" role=""/>
  <member type="relation" ref="17232229" role=""/>
  <member type="relation" ref="17387124" role=""/>
  <member type="relation" ref="17394897" role=""/>
  <member type="relation" ref="17394902" role=""/>
  <member type="relation" ref="17394626" role=""/>
  <member type="relation" ref="17394818" role=""/>
  <member type="relation" ref="17232495" role=""/>
  <member type="relation" ref="17357785" role=""/>
  <member type="relation" ref="17357897" role=""/>
  <member type="relation" ref="17358380" role=""/>
  <member type="relation" ref="17358571" role=""/>
  <member type="relation" ref="17205251" role=""/>
  <member type="relation" ref="17394551" role=""/>
  <member type="relation" ref="17206087" role=""/>
  <member type="relation" ref="17394733" role=""/>
  <member type="relation" ref="17351442" role=""/>
  <member type="relation" ref="17205647" role=""/>
  <member type="relation" ref="17227141" role=""/>
  <member type="relation" ref="17230609" role=""/>
  <member type="relation" ref="17394161" role=""/>
  <member type="relation" ref="17394567" role=""/>
  <member type="relation" ref="17227138" role=""/>
  <member type="relation" ref="17350892" role=""/>
  <member type="relation" ref="17357938" role=""/>
  <member type="relation" ref="17230669" role=""/>
  <member type="relation" ref="17395014" role=""/>
  <member type="relation" ref="17395037" role=""/>
  <member type="relation" ref="17351453" role=""/>
  <member type="relation" ref="17206052" role=""/>
  <member type="relation" ref="17230641" role=""/>
  <member type="relation" ref="17394969" role=""/>
  <member type="relation" ref="17394919" role=""/>
  <member type="relation" ref="17357700" role=""/>
  <member type="relation" ref="17357755" role=""/>
  <member type="relation" ref="17394916" role=""/>
  <member type="relation" ref="17394821" role=""/>
  <member type="relation" ref="17476321" role=""/>
  <member type="relation" ref="17230639" role=""/>
  <member type="relation" ref="17230631" role=""/>
  <member type="relation" ref="17232675" role=""/>
  <member type="relation" ref="17357676" role=""/>
  <member type="relation" ref="17387210" role=""/>
  <member type="relation" ref="17296322" role=""/>
  <member type="relation" ref="17394911" role=""/>
  <member type="relation" ref="17394715" role=""/>
  <member type="relation" ref="17357881" role=""/>
  <member type="relation" ref="17230627" role=""/>
  <member type="relation" ref="17230618" role=""/>
  <member type="relation" ref="17230613" role=""/>
  <member type="relation" ref="17230610" role=""/>
  <member type="relation" ref="17357743" role=""/>
  <member type="relation" ref="17394845" role=""/>
  <member type="relation" ref="17205637" role=""/>
  <member type="relation" ref="17394882" role=""/>
  <member type="relation" ref="17357805" role=""/>
  <member type="relation" ref="17358291" role=""/>
  <member type="relation" ref="17394629" role=""/>
  <member type="relation" ref="17357851" role=""/>
  <member type="relation" ref="17394378" role=""/>
  <member type="relation" ref="17357844" role=""/>
  <member type="relation" ref="17193482" role=""/>
  <member type="relation" ref="17351426" role=""/>
  <member type="relation" ref="17227146" role=""/>
  <member type="relation" ref="17358306" role=""/>
  <member type="relation" ref="17387109" role=""/>
  <member type="relation" ref="17193530" role=""/>
  <member type="relation" ref="17395010" role=""/>
  <member type="relation" ref="17358398" role=""/>
  <member type="relation" ref="17193502" role=""/>
  <member type="relation" ref="17230643" role=""/>
  <member type="relation" ref="17227162" role=""/>
  <tag k="name" v="Kerala Major District Roads, Thiruvananthapuram"/>
  <tag k="type" v="network"/>
 </relation>
 <relation id="17394919" visible="true" version="3" changeset="153256723" timestamp="2024-06-27T16:52:18Z" user="Badojo" uid="8189075">
  <member type="way" ref="853822333" role=""/>
  <member type="way" ref="409939757" role=""/>
  <member type="way" ref="904044300" role=""/>
  <member type="way" ref="802414361" role=""/>
  <member type="way" ref="802414360" role=""/>
  <member type="way" ref="98623905" role=""/>
  <member type="way" ref="742741384" role=""/>
  <member type="way" ref="561980573" role=""/>
  <member type="way" ref="678332231" role=""/>
  <member type="way" ref="27800470" role=""/>
  <tag k="from" v="Chavadimukku"/>
  <tag k="highway" v="secondary"/>
  <tag k="name" v="Sreekariyam - Kazhakkuttom (Via Kulathoor) Road"/>
  <tag k="network" v="IN:MDR:KL"/>
  <tag k="ref" v="MDR"/>
  <tag k="route" v="road"/>
  <tag k="to" v="Kazhakuttom"/>
  <tag k="type" v="route"/>
 </relation>
</osm>
